110000,北京市,1,0,0
110100,市辖区,2,110000,0
110101,东城区,3,110100,0
110102,西城区,3,110100,0
110105,朝阳区,3,110100,0
110106,丰台区,3,110100,0
110107,石景山区,3,110100,0
110108,海淀区,3,110100,0
110109,门头沟区,3,110100,0
110111,房山区,3,110100,0
110112,通州区,3,110100,0
110113,顺义区,3,110100,0
110114,昌平区,3,110100,0
110115,大兴区,3,110100,0
110116,怀柔区,3,110100,0
110117,平谷区,3,110100,0
110118,密云区,3,110100,0
110119,延庆区,3,110100,0
120000,天津市,1,0,0
120100,市辖区,2,120000,0
120101,和平区,3,120100,0
120102,河东区,3,120100,0
120103,河西区,3,120100,0
120104,南开区,3,120100,0
120105,河北区,3,120100,0
120106,红桥区,3,120100,0
120110,东丽区,3,120100,0
120111,西青区,3,120100,0
120112,津南区,3,120100,0
120113,北辰区,3,120100,0
120114,武清区,3,120100,0
120115,宝坻区,3,120100,0
120116,滨海新区,3,120100,0
120117,宁河区,3,120100,0
120118,静海区,3,120100,0
120119,蓟州区,3,120100,0
130000,河北省,1,0,0
130100,石家庄市,2,130000,0
130101,市辖区,3,130100,0
130102,长安区,3,130100,0
130104,桥西区,3,130100,0
130105,新华区,3,130100,0
130107,井陉矿区,3,130100,0
130108,裕华区,3,130100,0
130109,藁城区,3,130100,0
130110,鹿泉区,3,130100,0
130111,栾城区,3,130100,0
130121,井陉县,3,130100,0
130123,正定县,3,130100,0
130125,行唐县,3,130100,0
130126,灵寿县,3,130100,0
130127,高邑县,3,130100,0
130128,深泽县,3,130100,0
130129,赞皇县,3,130100,0
130130,无极县,3,130100,0
130131,平山县,3,130100,0
130132,元氏县,3,130100,0
130133,赵县,3,130100,0
130171,石家庄高新技术产业开发区,3,130100,0
130172,石家庄循环化工园区,3,130100,0
130181,辛集市,3,130100,0
130183,晋州市,3,130100,0
130184,新乐市,3,130100,0
130200,唐山市,2,130000,0
130201,市辖区,3,130200,0
130202,路南区,3,130200,0
130203,路北区,3,130200,0
130204,古冶区,3,130200,0
130205,开平区,3,130200,0
130207,丰南区,3,130200,0
130208,丰润区,3,130200,0
130209,曹妃甸区,3,130200,0
130224,滦南县,3,130200,0
130225,乐亭县,3,130200,0
130227,迁西县,3,130200,0
130229,玉田县,3,130200,0
130271,河北唐山芦台经济开发区,3,130200,0
130272,唐山市汉沽管理区,3,130200,0
130273,唐山高新技术产业开发区,3,130200,0
130274,河北唐山海港经济开发区,3,130200,0
130281,遵化市,3,130200,0
130283,迁安市,3,130200,0
130284,滦州市,3,130200,0
130300,秦皇岛市,2,130000,0
130301,市辖区,3,130300,0
130302,海港区,3,130300,0
130303,山海关区,3,130300,0
130304,北戴河区,3,130300,0
130306,抚宁区,3,130300,0
130321,青龙满族自治县,3,130300,0
130322,昌黎县,3,130300,0
130324,卢龙县,3,130300,0
130371,秦皇岛市经济技术开发区,3,130300,0
130372,北戴河新区,3,130300,0
130400,邯郸市,2,130000,0
130401,市辖区,3,130400,0
130402,邯山区,3,130400,0
130403,丛台区,3,130400,0
130404,复兴区,3,130400,0
130406,峰峰矿区,3,130400,0
130407,肥乡区,3,130400,0
130408,永年区,3,130400,0
130423,临漳县,3,130400,0
130424,成安县,3,130400,0
130425,大名县,3,130400,0
130426,涉县,3,130400,0
130427,磁县,3,130400,0
130430,邱县,3,130400,0
130431,鸡泽县,3,130400,0
130432,广平县,3,130400,0
130433,馆陶县,3,130400,0
130434,魏县,3,130400,0
130435,曲周县,3,130400,0
130471,邯郸经济技术开发区,3,130400,0
130473,邯郸冀南新区,3,130400,0
130481,武安市,3,130400,0
130500,邢台市,2,130000,0
130501,市辖区,3,130500,0
130502,襄都区,3,130500,0
130503,信都区,3,130500,0
130505,任泽区,3,130500,0
130506,南和区,3,130500,0
130522,临城县,3,130500,0
130523,内丘县,3,130500,0
130524,柏乡县,3,130500,0
130525,隆尧县,3,130500,0
130528,宁晋县,3,130500,0
130529,巨鹿县,3,130500,0
130530,新河县,3,130500,0
130531,广宗县,3,130500,0
130532,平乡县,3,130500,0
130533,威县,3,130500,0
130534,清河县,3,130500,0
130535,临西县,3,130500,0
130571,河北邢台经济开发区,3,130500,0
130581,南宫市,3,130500,0
130582,沙河市,3,130500,0
130600,保定市,2,130000,0
130601,市辖区,3,130600,0
130602,竞秀区,3,130600,0
130606,莲池区,3,130600,0
130607,满城区,3,130600,0
130608,清苑区,3,130600,0
130609,徐水区,3,130600,0
130623,涞水县,3,130600,0
130624,阜平县,3,130600,0
130626,定兴县,3,130600,0
130627,唐县,3,130600,0
130628,高阳县,3,130600,0
130629,容城县,3,130600,0
130630,涞源县,3,130600,0
130631,望都县,3,130600,0
130632,安新县,3,130600,0
130633,易县,3,130600,0
130634,曲阳县,3,130600,0
130635,蠡县,3,130600,0
130636,顺平县,3,130600,0
130637,博野县,3,130600,0
130638,雄县,3,130600,0
130671,保定高新技术产业开发区,3,130600,0
130672,保定白沟新城,3,130600,0
130681,涿州市,3,130600,0
130682,定州市,3,130600,0
130683,安国市,3,130600,0
130684,高碑店市,3,130600,0
130700,张家口市,2,130000,0
130701,市辖区,3,130700,0
130702,桥东区,3,130700,0
130703,桥西区,3,130700,0
130705,宣化区,3,130700,0
130706,下花园区,3,130700,0
130708,万全区,3,130700,0
130709,崇礼区,3,130700,0
130722,张北县,3,130700,0
130723,康保县,3,130700,0
130724,沽源县,3,130700,0
130725,尚义县,3,130700,0
130726,蔚县,3,130700,0
130727,阳原县,3,130700,0
130728,怀安县,3,130700,0
130730,怀来县,3,130700,0
130731,涿鹿县,3,130700,0
130732,赤城县,3,130700,0
130771,张家口经济开发区,3,130700,0
130772,张家口市察北管理区,3,130700,0
130773,张家口市塞北管理区,3,130700,0
130800,承德市,2,130000,0
130801,市辖区,3,130800,0
130802,双桥区,3,130800,0
130803,双滦区,3,130800,0
130804,鹰手营子矿区,3,130800,0
130821,承德县,3,130800,0
130822,兴隆县,3,130800,0
130824,滦平县,3,130800,0
130825,隆化县,3,130800,0
130826,丰宁满族自治县,3,130800,0
130827,宽城满族自治县,3,130800,0
130828,围场满族蒙古族自治县,3,130800,0
130871,承德高新技术产业开发区,3,130800,0
130881,平泉市,3,130800,0
130900,沧州市,2,130000,0
130901,市辖区,3,130900,0
130902,新华区,3,130900,0
130903,运河区,3,130900,0
130921,沧县,3,130900,0
130922,青县,3,130900,0
130923,东光县,3,130900,0
130924,海兴县,3,130900,0
130925,盐山县,3,130900,0
130926,肃宁县,3,130900,0
130927,南皮县,3,130900,0
130928,吴桥县,3,130900,0
130929,献县,3,130900,0
130930,孟村回族自治县,3,130900,0
130971,河北沧州经济开发区,3,130900,0
130972,沧州高新技术产业开发区,3,130900,0
130973,沧州渤海新区,3,130900,0
130981,泊头市,3,130900,0
130982,任丘市,3,130900,0
130983,黄骅市,3,130900,0
130984,河间市,3,130900,0
131000,廊坊市,2,130000,0
131001,市辖区,3,131000,0
131002,安次区,3,131000,0
131003,广阳区,3,131000,0
131022,固安县,3,131000,0
131023,永清县,3,131000,0
131024,香河县,3,131000,0
131025,大城县,3,131000,0
131026,文安县,3,131000,0
131028,大厂回族自治县,3,131000,0
131071,廊坊经济技术开发区,3,131000,0
131081,霸州市,3,131000,0
131082,三河市,3,131000,0
131100,衡水市,2,130000,0
131101,市辖区,3,131100,0
131102,桃城区,3,131100,0
131103,冀州区,3,131100,0
131121,枣强县,3,131100,0
131122,武邑县,3,131100,0
131123,武强县,3,131100,0
131124,饶阳县,3,131100,0
131125,安平县,3,131100,0
131126,故城县,3,131100,0
131127,景县,3,131100,0
131128,阜城县,3,131100,0
131171,河北衡水高新技术产业开发区,3,131100,0
131172,衡水滨湖新区,3,131100,0
131182,深州市,3,131100,0
133100,雄安新区,2,130000,0
140000,山西省,1,0,0
140100,太原市,2,140000,0
140101,市辖区,3,140100,0
140105,小店区,3,140100,0
140106,迎泽区,3,140100,0
140107,杏花岭区,3,140100,0
140108,尖草坪区,3,140100,0
140109,万柏林区,3,140100,0
140110,晋源区,3,140100,0
140121,清徐县,3,140100,0
140122,阳曲县,3,140100,0
140123,娄烦县,3,140100,0
140171,山西转型综合改革示范区,3,140100,0
140181,古交市,3,140100,0
140200,大同市,2,140000,0
140201,市辖区,3,140200,0
140212,新荣区,3,140200,0
140213,平城区,3,140200,0
140214,云冈区,3,140200,0
140215,云州区,3,140200,0
140221,阳高县,3,140200,0
140222,天镇县,3,140200,0
140223,广灵县,3,140200,0
140224,灵丘县,3,140200,0
140225,浑源县,3,140200,0
140226,左云县,3,140200,0
140271,山西大同经济开发区,3,140200,0
140300,阳泉市,2,140000,0
140301,市辖区,3,140300,0
140302,城区,3,140300,0
140303,矿区,3,140300,0
140311,郊区,3,140300,0
140321,平定县,3,140300,0
140322,盂县,3,140300,0
140400,长治市,2,140000,0
140401,市辖区,3,140400,0
140403,潞州区,3,140400,0
140404,上党区,3,140400,0
140405,屯留区,3,140400,0
140406,潞城区,3,140400,0
140423,襄垣县,3,140400,0
140425,平顺县,3,140400,0
140426,黎城县,3,140400,0
140427,壶关县,3,140400,0
140428,长子县,3,140400,0
140429,武乡县,3,140400,0
140430,沁县,3,140400,0
140431,沁源县,3,140400,0
140500,晋城市,2,140000,0
140501,市辖区,3,140500,0
140502,城区,3,140500,0
140521,沁水县,3,140500,0
140522,阳城县,3,140500,0
140524,陵川县,3,140500,0
140525,泽州县,3,140500,0
140581,高平市,3,140500,0
140600,朔州市,2,140000,0
140601,市辖区,3,140600,0
140602,朔城区,3,140600,0
140603,平鲁区,3,140600,0
140621,山阴县,3,140600,0
140622,应县,3,140600,0
140623,右玉县,3,140600,0
140671,山西朔州经济开发区,3,140600,0
140681,怀仁市,3,140600,0
140700,晋中市,2,140000,0
140701,市辖区,3,140700,0
140702,榆次区,3,140700,0
140703,太谷区,3,140700,0
140721,榆社县,3,140700,0
140722,左权县,3,140700,0
140723,和顺县,3,140700,0
140724,昔阳县,3,140700,0
140725,寿阳县,3,140700,0
140727,祁县,3,140700,0
140728,平遥县,3,140700,0
140729,灵石县,3,140700,0
140781,介休市,3,140700,0
140800,运城市,2,140000,0
140801,市辖区,3,140800,0
140802,盐湖区,3,140800,0
140821,临猗县,3,140800,0
140822,万荣县,3,140800,0
140823,闻喜县,3,140800,0
140824,稷山县,3,140800,0
140825,新绛县,3,140800,0
140826,绛县,3,140800,0
140827,垣曲县,3,140800,0
140828,夏县,3,140800,0
140829,平陆县,3,140800,0
140830,芮城县,3,140800,0
140881,永济市,3,140800,0
140882,河津市,3,140800,0
140900,忻州市,2,140000,0
140901,市辖区,3,140900,0
140902,忻府区,3,140900,0
140921,定襄县,3,140900,0
140922,五台县,3,140900,0
140923,代县,3,140900,0
140924,繁峙县,3,140900,0
140925,宁武县,3,140900,0
140926,静乐县,3,140900,0
140927,神池县,3,140900,0
140928,五寨县,3,140900,0
140929,岢岚县,3,140900,0
140930,河曲县,3,140900,0
140931,保德县,3,140900,0
140932,偏关县,3,140900,0
140971,五台山风景名胜区,3,140900,0
140981,原平市,3,140900,0
141000,临汾市,2,140000,0
141001,市辖区,3,141000,0
141002,尧都区,3,141000,0
141021,曲沃县,3,141000,0
141022,翼城县,3,141000,0
141023,襄汾县,3,141000,0
141024,洪洞县,3,141000,0
141025,古县,3,141000,0
141026,安泽县,3,141000,0
141027,浮山县,3,141000,0
141028,吉县,3,141000,0
141029,乡宁县,3,141000,0
141030,大宁县,3,141000,0
141031,隰县,3,141000,0
141032,永和县,3,141000,0
141033,蒲县,3,141000,0
141034,汾西县,3,141000,0
141081,侯马市,3,141000,0
141082,霍州市,3,141000,0
141100,吕梁市,2,140000,0
141101,市辖区,3,141100,0
141102,离石区,3,141100,0
141121,文水县,3,141100,0
141122,交城县,3,141100,0
141123,兴县,3,141100,0
141124,临县,3,141100,0
141125,柳林县,3,141100,0
141126,石楼县,3,141100,0
141127,岚县,3,141100,0
141128,方山县,3,141100,0
141129,中阳县,3,141100,0
141130,交口县,3,141100,0
141181,孝义市,3,141100,0
141182,汾阳市,3,141100,0
150000,内蒙古自治区,1,0,0
150100,呼和浩特市,2,150000,0
150101,市辖区,3,150100,0
150102,新城区,3,150100,0
150103,回民区,3,150100,0
150104,玉泉区,3,150100,0
150105,赛罕区,3,150100,0
150121,土默特左旗,3,150100,0
150122,托克托县,3,150100,0
150123,和林格尔县,3,150100,0
150124,清水河县,3,150100,0
150125,武川县,3,150100,0
150172,呼和浩特经济技术开发区,3,150100,0
150200,包头市,2,150000,0
150201,市辖区,3,150200,0
150202,东河区,3,150200,0
150203,昆都仑区,3,150200,0
150204,青山区,3,150200,0
150205,石拐区,3,150200,0
150206,白云鄂博矿区,3,150200,0
150207,九原区,3,150200,0
150221,土默特右旗,3,150200,0
150222,固阳县,3,150200,0
150223,达尔罕茂明安联合旗,3,150200,0
150271,包头稀土高新技术产业开发区,3,150200,0
150300,乌海市,2,150000,0
150301,市辖区,3,150300,0
150302,海勃湾区,3,150300,0
150303,海南区,3,150300,0
150304,乌达区,3,150300,0
150400,赤峰市,2,150000,0
150401,市辖区,3,150400,0
150402,红山区,3,150400,0
150403,元宝山区,3,150400,0
150404,松山区,3,150400,0
150421,阿鲁科尔沁旗,3,150400,0
150422,巴林左旗,3,150400,0
150423,巴林右旗,3,150400,0
150424,林西县,3,150400,0
150425,克什克腾旗,3,150400,0
150426,翁牛特旗,3,150400,0
150428,喀喇沁旗,3,150400,0
150429,宁城县,3,150400,0
150430,敖汉旗,3,150400,0
150500,通辽市,2,150000,0
150501,市辖区,3,150500,0
150502,科尔沁区,3,150500,0
150521,科尔沁左翼中旗,3,150500,0
150522,科尔沁左翼后旗,3,150500,0
150523,开鲁县,3,150500,0
150524,库伦旗,3,150500,0
150525,奈曼旗,3,150500,0
150526,扎鲁特旗,3,150500,0
150571,通辽经济技术开发区,3,150500,0
150581,霍林郭勒市,3,150500,0
150600,鄂尔多斯市,2,150000,0
150601,市辖区,3,150600,0
150602,东胜区,3,150600,0
150603,康巴什区,3,150600,0
150621,达拉特旗,3,150600,0
150622,准格尔旗,3,150600,0
150623,鄂托克前旗,3,150600,0
150624,鄂托克旗,3,150600,0
150625,杭锦旗,3,150600,0
150626,乌审旗,3,150600,0
150627,伊金霍洛旗,3,150600,0
150700,呼伦贝尔市,2,150000,0
150701,市辖区,3,150700,0
150702,海拉尔区,3,150700,0
150703,扎赉诺尔区,3,150700,0
150721,阿荣旗,3,150700,0
150722,莫力达瓦达斡尔族自治旗,3,150700,0
150723,鄂伦春自治旗,3,150700,0
150724,鄂温克族自治旗,3,150700,0
150725,陈巴尔虎旗,3,150700,0
150726,新巴尔虎左旗,3,150700,0
150727,新巴尔虎右旗,3,150700,0
150781,满洲里市,3,150700,0
150782,牙克石市,3,150700,0
150783,扎兰屯市,3,150700,0
150784,额尔古纳市,3,150700,0
150785,根河市,3,150700,0
150800,巴彦淖尔市,2,150000,0
150801,市辖区,3,150800,0
150802,临河区,3,150800,0
150821,五原县,3,150800,0
150822,磴口县,3,150800,0
150823,乌拉特前旗,3,150800,0
150824,乌拉特中旗,3,150800,0
150825,乌拉特后旗,3,150800,0
150826,杭锦后旗,3,150800,0
150900,乌兰察布市,2,150000,0
150901,市辖区,3,150900,0
150902,集宁区,3,150900,0
150921,卓资县,3,150900,0
150922,化德县,3,150900,0
150923,商都县,3,150900,0
150924,兴和县,3,150900,0
150925,凉城县,3,150900,0
150926,察哈尔右翼前旗,3,150900,0
150927,察哈尔右翼中旗,3,150900,0
150928,察哈尔右翼后旗,3,150900,0
150929,四子王旗,3,150900,0
150981,丰镇市,3,150900,0
152200,兴安盟,2,150000,0
152201,乌兰浩特市,3,152200,0
152202,阿尔山市,3,152200,0
152221,科尔沁右翼前旗,3,152200,0
152222,科尔沁右翼中旗,3,152200,0
152223,扎赉特旗,3,152200,0
152224,突泉县,3,152200,0
152500,锡林郭勒盟,2,150000,0
152501,二连浩特市,3,152500,0
152502,锡林浩特市,3,152500,0
152522,阿巴嘎旗,3,152500,0
152523,苏尼特左旗,3,152500,0
152524,苏尼特右旗,3,152500,0
152525,东乌珠穆沁旗,3,152500,0
152526,西乌珠穆沁旗,3,152500,0
152527,太仆寺旗,3,152500,0
152528,镶黄旗,3,152500,0
152529,正镶白旗,3,152500,0
152530,正蓝旗,3,152500,0
152531,多伦县,3,152500,0
152571,乌拉盖管理区管委会,3,152500,0
152900,阿拉善盟,2,150000,0
152921,阿拉善左旗,3,152900,0
152922,阿拉善右旗,3,152900,0
152923,额济纳旗,3,152900,0
152971,内蒙古阿拉善高新技术产业开发区,3,152900,0
210000,辽宁省,1,0,0
210100,沈阳市,2,210000,0
210101,市辖区,3,210100,0
210102,和平区,3,210100,0
210103,沈河区,3,210100,0
210104,大东区,3,210100,0
210105,皇姑区,3,210100,0
210106,铁西区,3,210100,0
210111,苏家屯区,3,210100,0
210112,浑南区,3,210100,0
210113,沈北新区,3,210100,0
210114,于洪区,3,210100,0
210115,辽中区,3,210100,0
210123,康平县,3,210100,0
210124,法库县,3,210100,0
210181,新民市,3,210100,0
210200,大连市,2,210000,0
210201,市辖区,3,210200,0
210202,中山区,3,210200,0
210203,西岗区,3,210200,0
210204,沙河口区,3,210200,0
210211,甘井子区,3,210200,0
210212,旅顺口区,3,210200,0
210213,金州区,3,210200,0
210214,普兰店区,3,210200,0
210224,长海县,3,210200,0
210281,瓦房店市,3,210200,0
210283,庄河市,3,210200,0
210300,鞍山市,2,210000,0
210301,市辖区,3,210300,0
210302,铁东区,3,210300,0
210303,铁西区,3,210300,0
210304,立山区,3,210300,0
210311,千山区,3,210300,0
210321,台安县,3,210300,0
210323,岫岩满族自治县,3,210300,0
210381,海城市,3,210300,0
210400,抚顺市,2,210000,0
210401,市辖区,3,210400,0
210402,新抚区,3,210400,0
210403,东洲区,3,210400,0
210404,望花区,3,210400,0
210411,顺城区,3,210400,0
210421,抚顺县,3,210400,0
210422,新宾满族自治县,3,210400,0
210423,清原满族自治县,3,210400,0
210500,本溪市,2,210000,0
210501,市辖区,3,210500,0
210502,平山区,3,210500,0
210503,溪湖区,3,210500,0
210504,明山区,3,210500,0
210505,南芬区,3,210500,0
210521,本溪满族自治县,3,210500,0
210522,桓仁满族自治县,3,210500,0
210600,丹东市,2,210000,0
210601,市辖区,3,210600,0
210602,元宝区,3,210600,0
210603,振兴区,3,210600,0
210604,振安区,3,210600,0
210624,宽甸满族自治县,3,210600,0
210681,东港市,3,210600,0
210682,凤城市,3,210600,0
210700,锦州市,2,210000,0
210701,市辖区,3,210700,0
210702,古塔区,3,210700,0
210703,凌河区,3,210700,0
210711,太和区,3,210700,0
210726,黑山县,3,210700,0
210727,义县,3,210700,0
210781,凌海市,3,210700,0
210782,北镇市,3,210700,0
210800,营口市,2,210000,0
210801,市辖区,3,210800,0
210802,站前区,3,210800,0
210803,西市区,3,210800,0
210804,鲅鱼圈区,3,210800,0
210811,老边区,3,210800,0
210881,盖州市,3,210800,0
210882,大石桥市,3,210800,0
210900,阜新市,2,210000,0
210901,市辖区,3,210900,0
210902,海州区,3,210900,0
210903,新邱区,3,210900,0
210904,太平区,3,210900,0
210905,清河门区,3,210900,0
210911,细河区,3,210900,0
210921,阜新蒙古族自治县,3,210900,0
210922,彰武县,3,210900,0
211000,辽阳市,2,210000,0
211001,市辖区,3,211000,0
211002,白塔区,3,211000,0
211003,文圣区,3,211000,0
211004,宏伟区,3,211000,0
211005,弓长岭区,3,211000,0
211011,太子河区,3,211000,0
211021,辽阳县,3,211000,0
211081,灯塔市,3,211000,0
211100,盘锦市,2,210000,0
211101,市辖区,3,211100,0
211102,双台子区,3,211100,0
211103,兴隆台区,3,211100,0
211104,大洼区,3,211100,0
211122,盘山县,3,211100,0
211200,铁岭市,2,210000,0
211201,市辖区,3,211200,0
211202,银州区,3,211200,0
211204,清河区,3,211200,0
211221,铁岭县,3,211200,0
211223,西丰县,3,211200,0
211224,昌图县,3,211200,0
211281,调兵山市,3,211200,0
211282,开原市,3,211200,0
211300,朝阳市,2,210000,0
211301,市辖区,3,211300,0
211302,双塔区,3,211300,0
211303,龙城区,3,211300,0
211321,朝阳县,3,211300,0
211322,建平县,3,211300,0
211324,喀喇沁左翼蒙古族自治县,3,211300,0
211381,北票市,3,211300,0
211382,凌源市,3,211300,0
211400,葫芦岛市,2,210000,0
211401,市辖区,3,211400,0
211402,连山区,3,211400,0
211403,龙港区,3,211400,0
211404,南票区,3,211400,0
211421,绥中县,3,211400,0
211422,建昌县,3,211400,0
211481,兴城市,3,211400,0
220000,吉林省,1,0,0
220100,长春市,2,220000,0
220101,市辖区,3,220100,0
220102,南关区,3,220100,0
220103,宽城区,3,220100,0
220104,朝阳区,3,220100,0
220105,二道区,3,220100,0
220106,绿园区,3,220100,0
220112,双阳区,3,220100,0
220113,九台区,3,220100,0
220122,农安县,3,220100,0
220171,长春经济技术开发区,3,220100,0
220172,长春净月高新技术产业开发区,3,220100,0
220173,长春高新技术产业开发区,3,220100,0
220174,长春汽车经济技术开发区,3,220100,0
220182,榆树市,3,220100,0
220183,德惠市,3,220100,0
220184,公主岭市,3,220100,0
220200,吉林市,2,220000,0
220201,市辖区,3,220200,0
220202,昌邑区,3,220200,0
220203,龙潭区,3,220200,0
220204,船营区,3,220200,0
220211,丰满区,3,220200,0
220221,永吉县,3,220200,0
220271,吉林经济开发区,3,220200,0
220272,吉林高新技术产业开发区,3,220200,0
220273,吉林中国新加坡食品区,3,220200,0
220281,蛟河市,3,220200,0
220282,桦甸市,3,220200,0
220283,舒兰市,3,220200,0
220284,磐石市,3,220200,0
220300,四平市,2,220000,0
220301,市辖区,3,220300,0
220302,铁西区,3,220300,0
220303,铁东区,3,220300,0
220322,梨树县,3,220300,0
220323,伊通满族自治县,3,220300,0
220382,双辽市,3,220300,0
220400,辽源市,2,220000,0
220401,市辖区,3,220400,0
220402,龙山区,3,220400,0
220403,西安区,3,220400,0
220421,东丰县,3,220400,0
220422,东辽县,3,220400,0
220500,通化市,2,220000,0
220501,市辖区,3,220500,0
220502,东昌区,3,220500,0
220503,二道江区,3,220500,0
220521,通化县,3,220500,0
220523,辉南县,3,220500,0
220524,柳河县,3,220500,0
220581,梅河口市,3,220500,0
220582,集安市,3,220500,0
220600,白山市,2,220000,0
220601,市辖区,3,220600,0
220602,浑江区,3,220600,0
220605,江源区,3,220600,0
220621,抚松县,3,220600,0
220622,靖宇县,3,220600,0
220623,长白朝鲜族自治县,3,220600,0
220681,临江市,3,220600,0
220700,松原市,2,220000,0
220701,市辖区,3,220700,0
220702,宁江区,3,220700,0
220721,前郭尔罗斯蒙古族自治县,3,220700,0
220722,长岭县,3,220700,0
220723,乾安县,3,220700,0
220771,吉林松原经济开发区,3,220700,0
220781,扶余市,3,220700,0
220800,白城市,2,220000,0
220801,市辖区,3,220800,0
220802,洮北区,3,220800,0
220821,镇赉县,3,220800,0
220822,通榆县,3,220800,0
220871,吉林白城经济开发区,3,220800,0
220881,洮南市,3,220800,0
220882,大安市,3,220800,0
222400,延边朝鲜族自治州,2,220000,0
222401,延吉市,3,222400,0
222402,图们市,3,222400,0
222403,敦化市,3,222400,0
222404,珲春市,3,222400,0
222405,龙井市,3,222400,0
222406,和龙市,3,222400,0
222424,汪清县,3,222400,0
222426,安图县,3,222400,0
230000,黑龙江省,1,0,0
230100,哈尔滨市,2,230000,0
230101,市辖区,3,230100,0
230102,道里区,3,230100,0
230103,南岗区,3,230100,0
230104,道外区,3,230100,0
230108,平房区,3,230100,0
230109,松北区,3,230100,0
230110,香坊区,3,230100,0
230111,呼兰区,3,230100,0
230112,阿城区,3,230100,0
230113,双城区,3,230100,0
230123,依兰县,3,230100,0
230124,方正县,3,230100,0
230125,宾县,3,230100,0
230126,巴彦县,3,230100,0
230127,木兰县,3,230100,0
230128,通河县,3,230100,0
230129,延寿县,3,230100,0
230183,尚志市,3,230100,0
230184,五常市,3,230100,0
230200,齐齐哈尔市,2,230000,0
230201,市辖区,3,230200,0
230202,龙沙区,3,230200,0
230203,建华区,3,230200,0
230204,铁锋区,3,230200,0
230205,昂昂溪区,3,230200,0
230206,富拉尔基区,3,230200,0
230207,碾子山区,3,230200,0
230208,梅里斯达斡尔族区,3,230200,0
230221,龙江县,3,230200,0
230223,依安县,3,230200,0
230224,泰来县,3,230200,0
230225,甘南县,3,230200,0
230227,富裕县,3,230200,0
230229,克山县,3,230200,0
230230,克东县,3,230200,0
230231,拜泉县,3,230200,0
230281,讷河市,3,230200,0
230300,鸡西市,2,230000,0
230301,市辖区,3,230300,0
230302,鸡冠区,3,230300,0
230303,恒山区,3,230300,0
230304,滴道区,3,230300,0
230305,梨树区,3,230300,0
230306,城子河区,3,230300,0
230307,麻山区,3,230300,0
230321,鸡东县,3,230300,0
230381,虎林市,3,230300,0
230382,密山市,3,230300,0
230400,鹤岗市,2,230000,0
230401,市辖区,3,230400,0
230402,向阳区,3,230400,0
230403,工农区,3,230400,0
230404,南山区,3,230400,0
230405,兴安区,3,230400,0
230406,东山区,3,230400,0
230407,兴山区,3,230400,0
230421,萝北县,3,230400,0
230422,绥滨县,3,230400,0
230500,双鸭山市,2,230000,0
230501,市辖区,3,230500,0
230502,尖山区,3,230500,0
230503,岭东区,3,230500,0
230505,四方台区,3,230500,0
230506,宝山区,3,230500,0
230521,集贤县,3,230500,0
230522,友谊县,3,230500,0
230523,宝清县,3,230500,0
230524,饶河县,3,230500,0
230600,大庆市,2,230000,0
230601,市辖区,3,230600,0
230602,萨尔图区,3,230600,0
230603,龙凤区,3,230600,0
230604,让胡路区,3,230600,0
230605,红岗区,3,230600,0
230606,大同区,3,230600,0
230621,肇州县,3,230600,0
230622,肇源县,3,230600,0
230623,林甸县,3,230600,0
230624,杜尔伯特蒙古族自治县,3,230600,0
230671,大庆高新技术产业开发区,3,230600,0
230700,伊春市,2,230000,0
230701,市辖区,3,230700,0
230717,伊美区,3,230700,0
230718,乌翠区,3,230700,0
230719,友好区,3,230700,0
230722,嘉荫县,3,230700,0
230723,汤旺县,3,230700,0
230724,丰林县,3,230700,0
230725,大箐山县,3,230700,0
230726,南岔县,3,230700,0
230751,金林区,3,230700,0
230781,铁力市,3,230700,0
230800,佳木斯市,2,230000,0
230801,市辖区,3,230800,0
230803,向阳区,3,230800,0
230804,前进区,3,230800,0
230805,东风区,3,230800,0
230811,郊区,3,230800,0
230822,桦南县,3,230800,0
230826,桦川县,3,230800,0
230828,汤原县,3,230800,0
230881,同江市,3,230800,0
230882,富锦市,3,230800,0
230883,抚远市,3,230800,0
230900,七台河市,2,230000,0
230901,市辖区,3,230900,0
230902,新兴区,3,230900,0
230903,桃山区,3,230900,0
230904,茄子河区,3,230900,0
230921,勃利县,3,230900,0
231000,牡丹江市,2,230000,0
231001,市辖区,3,231000,0
231002,东安区,3,231000,0
231003,阳明区,3,231000,0
231004,爱民区,3,231000,0
231005,西安区,3,231000,0
231025,林口县,3,231000,0
231081,绥芬河市,3,231000,0
231083,海林市,3,231000,0
231084,宁安市,3,231000,0
231085,穆棱市,3,231000,0
231086,东宁市,3,231000,0
231100,黑河市,2,230000,0
231101,市辖区,3,231100,0
231102,爱辉区,3,231100,0
231123,逊克县,3,231100,0
231124,孙吴县,3,231100,0
231181,北安市,3,231100,0
231182,五大连池市,3,231100,0
231183,嫩江市,3,231100,0
231200,绥化市,2,230000,0
231201,市辖区,3,231200,0
231202,北林区,3,231200,0
231221,望奎县,3,231200,0
231222,兰西县,3,231200,0
231223,青冈县,3,231200,0
231224,庆安县,3,231200,0
231225,明水县,3,231200,0
231226,绥棱县,3,231200,0
231281,安达市,3,231200,0
231282,肇东市,3,231200,0
231283,海伦市,3,231200,0
232700,大兴安岭地区,2,230000,0
232701,漠河市,3,232700,0
232721,呼玛县,3,232700,0
232722,塔河县,3,232700,0
232761,加格达奇区,3,232700,0
232762,松岭区,3,232700,0
232763,新林区,3,232700,0
232764,呼中区,3,232700,0
310000,上海市,1,0,0
310100,市辖区,2,310000,0
310101,黄浦区,3,310100,0
310104,徐汇区,3,310100,0
310105,长宁区,3,310100,0
310106,静安区,3,310100,0
310107,普陀区,3,310100,0
310109,虹口区,3,310100,0
310110,杨浦区,3,310100,0
310112,闵行区,3,310100,0
310113,宝山区,3,310100,0
310114,嘉定区,3,310100,0
310115,浦东新区,3,310100,0
310116,金山区,3,310100,0
310117,松江区,3,310100,0
310118,青浦区,3,310100,0
310120,奉贤区,3,310100,0
310151,崇明区,3,310100,0
320000,江苏省,1,0,0
320100,南京市,2,320000,0
320101,市辖区,3,320100,0
320102,玄武区,3,320100,0
320104,秦淮区,3,320100,0
320105,建邺区,3,320100,0
320106,鼓楼区,3,320100,0
320111,浦口区,3,320100,0
320113,栖霞区,3,320100,0
320114,雨花台区,3,320100,0
320115,江宁区,3,320100,0
320116,六合区,3,320100,0
320117,溧水区,3,320100,0
320118,高淳区,3,320100,0
320200,无锡市,2,320000,0
320201,市辖区,3,320200,0
320205,锡山区,3,320200,0
320206,惠山区,3,320200,0
320211,滨湖区,3,320200,0
320213,梁溪区,3,320200,0
320214,新吴区,3,320200,0
320281,江阴市,3,320200,0
320282,宜兴市,3,320200,0
320300,徐州市,2,320000,0
320301,市辖区,3,320300,0
320302,鼓楼区,3,320300,0
320303,云龙区,3,320300,0
320305,贾汪区,3,320300,0
320311,泉山区,3,320300,0
320312,铜山区,3,320300,0
320321,丰县,3,320300,0
320322,沛县,3,320300,0
320324,睢宁县,3,320300,0
320371,徐州经济技术开发区,3,320300,0
320381,新沂市,3,320300,0
320382,邳州市,3,320300,0
320400,常州市,2,320000,0
320401,市辖区,3,320400,0
320402,天宁区,3,320400,0
320404,钟楼区,3,320400,0
320411,新北区,3,320400,0
320412,武进区,3,320400,0
320413,金坛区,3,320400,0
320481,溧阳市,3,320400,0
320500,苏州市,2,320000,0
320501,市辖区,3,320500,0
320505,虎丘区,3,320500,0
320506,吴中区,3,320500,0
320507,相城区,3,320500,0
320508,姑苏区,3,320500,0
320509,吴江区,3,320500,0
320576,苏州工业园区,3,320500,0
320581,常熟市,3,320500,0
320582,张家港市,3,320500,0
320583,昆山市,3,320500,0
320585,太仓市,3,320500,0
320600,南通市,2,320000,0
320601,市辖区,3,320600,0
320612,通州区,3,320600,0
320613,崇川区,3,320600,0
320614,海门区,3,320600,0
320623,如东县,3,320600,0
320671,南通经济技术开发区,3,320600,0
320681,启东市,3,320600,0
320682,如皋市,3,320600,0
320685,海安市,3,320600,0
320700,连云港市,2,320000,0
320701,市辖区,3,320700,0
320703,连云区,3,320700,0
320706,海州区,3,320700,0
320707,赣榆区,3,320700,0
320722,东海县,3,320700,0
320723,灌云县,3,320700,0
320724,灌南县,3,320700,0
320771,连云港经济技术开发区,3,320700,0
320800,淮安市,2,320000,0
320801,市辖区,3,320800,0
320803,淮安区,3,320800,0
320804,淮阴区,3,320800,0
320812,清江浦区,3,320800,0
320813,洪泽区,3,320800,0
320826,涟水县,3,320800,0
320830,盱眙县,3,320800,0
320831,金湖县,3,320800,0
320871,淮安经济技术开发区,3,320800,0
320900,盐城市,2,320000,0
320901,市辖区,3,320900,0
320902,亭湖区,3,320900,0
320903,盐都区,3,320900,0
320904,大丰区,3,320900,0
320921,响水县,3,320900,0
320922,滨海县,3,320900,0
320923,阜宁县,3,320900,0
320924,射阳县,3,320900,0
320925,建湖县,3,320900,0
320971,盐城经济技术开发区,3,320900,0
320981,东台市,3,320900,0
321000,扬州市,2,320000,0
321001,市辖区,3,321000,0
321002,广陵区,3,321000,0
321003,邗江区,3,321000,0
321012,江都区,3,321000,0
321023,宝应县,3,321000,0
321071,扬州经济技术开发区,3,321000,0
321081,仪征市,3,321000,0
321084,高邮市,3,321000,0
321100,镇江市,2,320000,0
321101,市辖区,3,321100,0
321102,京口区,3,321100,0
321111,润州区,3,321100,0
321112,丹徒区,3,321100,0
321171,镇江新区,3,321100,0
321181,丹阳市,3,321100,0
321182,扬中市,3,321100,0
321183,句容市,3,321100,0
321200,泰州市,2,320000,0
321201,市辖区,3,321200,0
321202,海陵区,3,321200,0
321203,高港区,3,321200,0
321204,姜堰区,3,321200,0
321281,兴化市,3,321200,0
321282,靖江市,3,321200,0
321283,泰兴市,3,321200,0
321300,宿迁市,2,320000,0
321301,市辖区,3,321300,0
321302,宿城区,3,321300,0
321311,宿豫区,3,321300,0
321322,沭阳县,3,321300,0
321323,泗阳县,3,321300,0
321324,泗洪县,3,321300,0
321371,宿迁经济技术开发区,3,321300,0
330000,浙江省,1,0,0
330100,杭州市,2,330000,0
330101,市辖区,3,330100,0
330102,上城区,3,330100,0
330105,拱墅区,3,330100,0
330106,西湖区,3,330100,0
330108,滨江区,3,330100,0
330109,萧山区,3,330100,0
330110,余杭区,3,330100,0
330111,富阳区,3,330100,0
330112,临安区,3,330100,0
330113,临平区,3,330100,0
330114,钱塘区,3,330100,0
330122,桐庐县,3,330100,0
330127,淳安县,3,330100,0
330182,建德市,3,330100,0
330200,宁波市,2,330000,0
330201,市辖区,3,330200,0
330203,海曙区,3,330200,0
330205,江北区,3,330200,0
330206,北仑区,3,330200,0
330211,镇海区,3,330200,0
330212,鄞州区,3,330200,0
330213,奉化区,3,330200,0
330225,象山县,3,330200,0
330226,宁海县,3,330200,0
330281,余姚市,3,330200,0
330282,慈溪市,3,330200,0
330300,温州市,2,330000,0
330301,市辖区,3,330300,0
330302,鹿城区,3,330300,0
330303,龙湾区,3,330300,0
330304,瓯海区,3,330300,0
330305,洞头区,3,330300,0
330324,永嘉县,3,330300,0
330326,平阳县,3,330300,0
330327,苍南县,3,330300,0
330328,文成县,3,330300,0
330329,泰顺县,3,330300,0
330381,瑞安市,3,330300,0
330382,乐清市,3,330300,0
330383,龙港市,3,330300,0
330400,嘉兴市,2,330000,0
330401,市辖区,3,330400,0
330402,南湖区,3,330400,0
330411,秀洲区,3,330400,0
330421,嘉善县,3,330400,0
330424,海盐县,3,330400,0
330481,海宁市,3,330400,0
330482,平湖市,3,330400,0
330483,桐乡市,3,330400,0
330500,湖州市,2,330000,0
330501,市辖区,3,330500,0
330502,吴兴区,3,330500,0
330503,南浔区,3,330500,0
330521,德清县,3,330500,0
330522,长兴县,3,330500,0
330523,安吉县,3,330500,0
330600,绍兴市,2,330000,0
330601,市辖区,3,330600,0
330602,越城区,3,330600,0
330603,柯桥区,3,330600,0
330604,上虞区,3,330600,0
330624,新昌县,3,330600,0
330681,诸暨市,3,330600,0
330683,嵊州市,3,330600,0
330700,金华市,2,330000,0
330701,市辖区,3,330700,0
330702,婺城区,3,330700,0
330703,金东区,3,330700,0
330723,武义县,3,330700,0
330726,浦江县,3,330700,0
330727,磐安县,3,330700,0
330781,兰溪市,3,330700,0
330782,义乌市,3,330700,0
330783,东阳市,3,330700,0
330784,永康市,3,330700,0
330800,衢州市,2,330000,0
330801,市辖区,3,330800,0
330802,柯城区,3,330800,0
330803,衢江区,3,330800,0
330822,常山县,3,330800,0
330824,开化县,3,330800,0
330825,龙游县,3,330800,0
330881,江山市,3,330800,0
330900,舟山市,2,330000,0
330901,市辖区,3,330900,0
330902,定海区,3,330900,0
330903,普陀区,3,330900,0
330921,岱山县,3,330900,0
330922,嵊泗县,3,330900,0
331000,台州市,2,330000,0
331001,市辖区,3,331000,0
331002,椒江区,3,331000,0
331003,黄岩区,3,331000,0
331004,路桥区,3,331000,0
331022,三门县,3,331000,0
331023,天台县,3,331000,0
331024,仙居县,3,331000,0
331081,温岭市,3,331000,0
331082,临海市,3,331000,0
331083,玉环市,3,331000,0
331100,丽水市,2,330000,0
331101,市辖区,3,331100,0
331102,莲都区,3,331100,0
331121,青田县,3,331100,0
331122,缙云县,3,331100,0
331123,遂昌县,3,331100,0
331124,松阳县,3,331100,0
331125,云和县,3,331100,0
331126,庆元县,3,331100,0
331127,景宁畲族自治县,3,331100,0
331181,龙泉市,3,331100,0
340000,安徽省,1,0,0
340100,合肥市,2,340000,0
340101,市辖区,3,340100,0
340102,瑶海区,3,340100,0
340103,庐阳区,3,340100,0
340104,蜀山区,3,340100,0
340111,包河区,3,340100,0
340121,长丰县,3,340100,0
340122,肥东县,3,340100,0
340123,肥西县,3,340100,0
340124,庐江县,3,340100,0
340176,合肥高新技术产业开发区,3,340100,0
340177,合肥经济技术开发区,3,340100,0
340178,合肥新站高新技术产业开发区,3,340100,0
340181,巢湖市,3,340100,0
340200,芜湖市,2,340000,0
340201,市辖区,3,340200,0
340202,镜湖区,3,340200,0
340207,鸠江区,3,340200,0
340209,弋江区,3,340200,0
340210,湾沚区,3,340200,0
340212,繁昌区,3,340200,0
340223,南陵县,3,340200,0
340271,芜湖经济技术开发区,3,340200,0
340272,安徽芜湖三山经济开发区,3,340200,0
340281,无为市,3,340200,0
340300,蚌埠市,2,340000,0
340301,市辖区,3,340300,0
340302,龙子湖区,3,340300,0
340303,蚌山区,3,340300,0
340304,禹会区,3,340300,0
340311,淮上区,3,340300,0
340321,怀远县,3,340300,0
340322,五河县,3,340300,0
340323,固镇县,3,340300,0
340371,蚌埠市高新技术开发区,3,340300,0
340372,蚌埠市经济开发区,3,340300,0
340400,淮南市,2,340000,0
340401,市辖区,3,340400,0
340402,大通区,3,340400,0
340403,田家庵区,3,340400,0
340404,谢家集区,3,340400,0
340405,八公山区,3,340400,0
340406,潘集区,3,340400,0
340421,凤台县,3,340400,0
340422,寿县,3,340400,0
340500,马鞍山市,2,340000,0
340501,市辖区,3,340500,0
340503,花山区,3,340500,0
340504,雨山区,3,340500,0
340506,博望区,3,340500,0
340521,当涂县,3,340500,0
340522,含山县,3,340500,0
340523,和县,3,340500,0
340600,淮北市,2,340000,0
340601,市辖区,3,340600,0
340602,杜集区,3,340600,0
340603,相山区,3,340600,0
340604,烈山区,3,340600,0
340621,濉溪县,3,340600,0
340700,铜陵市,2,340000,0
340701,市辖区,3,340700,0
340705,铜官区,3,340700,0
340706,义安区,3,340700,0
340711,郊区,3,340700,0
340722,枞阳县,3,340700,0
340800,安庆市,2,340000,0
340801,市辖区,3,340800,0
340802,迎江区,3,340800,0
340803,大观区,3,340800,0
340811,宜秀区,3,340800,0
340822,怀宁县,3,340800,0
340825,太湖县,3,340800,0
340826,宿松县,3,340800,0
340827,望江县,3,340800,0
340828,岳西县,3,340800,0
340871,安徽安庆经济开发区,3,340800,0
340881,桐城市,3,340800,0
340882,潜山市,3,340800,0
341000,黄山市,2,340000,0
341001,市辖区,3,341000,0
341002,屯溪区,3,341000,0
341003,黄山区,3,341000,0
341004,徽州区,3,341000,0
341021,歙县,3,341000,0
341022,休宁县,3,341000,0
341023,黟县,3,341000,0
341024,祁门县,3,341000,0
341100,滁州市,2,340000,0
341101,市辖区,3,341100,0
341102,琅琊区,3,341100,0
341103,南谯区,3,341100,0
341122,来安县,3,341100,0
341124,全椒县,3,341100,0
341125,定远县,3,341100,0
341126,凤阳县,3,341100,0
341171,中新苏滁高新技术产业开发区,3,341100,0
341172,滁州经济技术开发区,3,341100,0
341181,天长市,3,341100,0
341182,明光市,3,341100,0
341200,阜阳市,2,340000,0
341201,市辖区,3,341200,0
341202,颍州区,3,341200,0
341203,颍东区,3,341200,0
341204,颍泉区,3,341200,0
341221,临泉县,3,341200,0
341222,太和县,3,341200,0
341225,阜南县,3,341200,0
341226,颍上县,3,341200,0
341271,阜阳合肥现代产业园区,3,341200,0
341272,阜阳经济技术开发区,3,341200,0
341282,界首市,3,341200,0
341300,宿州市,2,340000,0
341301,市辖区,3,341300,0
341302,埇桥区,3,341300,0
341321,砀山县,3,341300,0
341322,萧县,3,341300,0
341323,灵璧县,3,341300,0
341324,泗县,3,341300,0
341371,宿州马鞍山现代产业园区,3,341300,0
341372,宿州经济技术开发区,3,341300,0
341500,六安市,2,340000,0
341501,市辖区,3,341500,0
341502,金安区,3,341500,0
341503,裕安区,3,341500,0
341504,叶集区,3,341500,0
341522,霍邱县,3,341500,0
341523,舒城县,3,341500,0
341524,金寨县,3,341500,0
341525,霍山县,3,341500,0
341600,亳州市,2,340000,0
341601,市辖区,3,341600,0
341602,谯城区,3,341600,0
341621,涡阳县,3,341600,0
341622,蒙城县,3,341600,0
341623,利辛县,3,341600,0
341700,池州市,2,340000,0
341701,市辖区,3,341700,0
341702,贵池区,3,341700,0
341721,东至县,3,341700,0
341722,石台县,3,341700,0
341723,青阳县,3,341700,0
341800,宣城市,2,340000,0
341801,市辖区,3,341800,0
341802,宣州区,3,341800,0
341821,郎溪县,3,341800,0
341823,泾县,3,341800,0
341824,绩溪县,3,341800,0
341825,旌德县,3,341800,0
341871,宣城市经济开发区,3,341800,0
341881,宁国市,3,341800,0
341882,广德市,3,341800,0
350000,福建省,1,0,0
350100,福州市,2,350000,0
350101,市辖区,3,350100,0
350102,鼓楼区,3,350100,0
350103,台江区,3,350100,0
350104,仓山区,3,350100,0
350105,马尾区,3,350100,0
350111,晋安区,3,350100,0
350112,长乐区,3,350100,0
350121,闽侯县,3,350100,0
350122,连江县,3,350100,0
350123,罗源县,3,350100,0
350124,闽清县,3,350100,0
350125,永泰县,3,350100,0
350128,平潭县,3,350100,0
350181,福清市,3,350100,0
350200,厦门市,2,350000,0
350201,市辖区,3,350200,0
350203,思明区,3,350200,0
350205,海沧区,3,350200,0
350206,湖里区,3,350200,0
350211,集美区,3,350200,0
350212,同安区,3,350200,0
350213,翔安区,3,350200,0
350300,莆田市,2,350000,0
350301,市辖区,3,350300,0
350302,城厢区,3,350300,0
350303,涵江区,3,350300,0
350304,荔城区,3,350300,0
350305,秀屿区,3,350300,0
350322,仙游县,3,350300,0
350400,三明市,2,350000,0
350401,市辖区,3,350400,0
350404,三元区,3,350400,0
350405,沙县区,3,350400,0
350421,明溪县,3,350400,0
350423,清流县,3,350400,0
350424,宁化县,3,350400,0
350425,大田县,3,350400,0
350426,尤溪县,3,350400,0
350428,将乐县,3,350400,0
350429,泰宁县,3,350400,0
350430,建宁县,3,350400,0
350481,永安市,3,350400,0
350500,泉州市,2,350000,0
350501,市辖区,3,350500,0
350502,鲤城区,3,350500,0
350503,丰泽区,3,350500,0
350504,洛江区,3,350500,0
350505,泉港区,3,350500,0
350521,惠安县,3,350500,0
350524,安溪县,3,350500,0
350525,永春县,3,350500,0
350526,德化县,3,350500,0
350527,金门县,3,350500,0
350581,石狮市,3,350500,0
350582,晋江市,3,350500,0
350583,南安市,3,350500,0
350600,漳州市,2,350000,0
350601,市辖区,3,350600,0
350602,芗城区,3,350600,0
350603,龙文区,3,350600,0
350604,龙海区,3,350600,0
350605,长泰区,3,350600,0
350622,云霄县,3,350600,0
350623,漳浦县,3,350600,0
350624,诏安县,3,350600,0
350626,东山县,3,350600,0
350627,南靖县,3,350600,0
350628,平和县,3,350600,0
350629,华安县,3,350600,0
350700,南平市,2,350000,0
350701,市辖区,3,350700,0
350702,延平区,3,350700,0
350703,建阳区,3,350700,0
350721,顺昌县,3,350700,0
350722,浦城县,3,350700,0
350723,光泽县,3,350700,0
350724,松溪县,3,350700,0
350725,政和县,3,350700,0
350781,邵武市,3,350700,0
350782,武夷山市,3,350700,0
350783,建瓯市,3,350700,0
350800,龙岩市,2,350000,0
350801,市辖区,3,350800,0
350802,新罗区,3,350800,0
350803,永定区,3,350800,0
350821,长汀县,3,350800,0
350823,上杭县,3,350800,0
350824,武平县,3,350800,0
350825,连城县,3,350800,0
350881,漳平市,3,350800,0
350900,宁德市,2,350000,0
350901,市辖区,3,350900,0
350902,蕉城区,3,350900,0
350921,霞浦县,3,350900,0
350922,古田县,3,350900,0
350923,屏南县,3,350900,0
350924,寿宁县,3,350900,0
350925,周宁县,3,350900,0
350926,柘荣县,3,350900,0
350981,福安市,3,350900,0
350982,福鼎市,3,350900,0
360000,江西省,1,0,0
360100,南昌市,2,360000,0
360101,市辖区,3,360100,0
360102,东湖区,3,360100,0
360103,西湖区,3,360100,0
360104,青云谱区,3,360100,0
360111,青山湖区,3,360100,0
360112,新建区,3,360100,0
360113,红谷滩区,3,360100,0
360121,南昌县,3,360100,0
360123,安义县,3,360100,0
360124,进贤县,3,360100,0
360200,景德镇市,2,360000,0
360201,市辖区,3,360200,0
360202,昌江区,3,360200,0
360203,珠山区,3,360200,0
360222,浮梁县,3,360200,0
360281,乐平市,3,360200,0
360300,萍乡市,2,360000,0
360301,市辖区,3,360300,0
360302,安源区,3,360300,0
360313,湘东区,3,360300,0
360321,莲花县,3,360300,0
360322,上栗县,3,360300,0
360323,芦溪县,3,360300,0
360400,九江市,2,360000,0
360401,市辖区,3,360400,0
360402,濂溪区,3,360400,0
360403,浔阳区,3,360400,0
360404,柴桑区,3,360400,0
360423,武宁县,3,360400,0
360424,修水县,3,360400,0
360425,永修县,3,360400,0
360426,德安县,3,360400,0
360428,都昌县,3,360400,0
360429,湖口县,3,360400,0
360430,彭泽县,3,360400,0
360481,瑞昌市,3,360400,0
360482,共青城市,3,360400,0
360483,庐山市,3,360400,0
360500,新余市,2,360000,0
360501,市辖区,3,360500,0
360502,渝水区,3,360500,0
360521,分宜县,3,360500,0
360600,鹰潭市,2,360000,0
360601,市辖区,3,360600,0
360602,月湖区,3,360600,0
360603,余江区,3,360600,0
360681,贵溪市,3,360600,0
360700,赣州市,2,360000,0
360701,市辖区,3,360700,0
360702,章贡区,3,360700,0
360703,南康区,3,360700,0
360704,赣县区,3,360700,0
360722,信丰县,3,360700,0
360723,大余县,3,360700,0
360724,上犹县,3,360700,0
360725,崇义县,3,360700,0
360726,安远县,3,360700,0
360728,定南县,3,360700,0
360729,全南县,3,360700,0
360730,宁都县,3,360700,0
360731,于都县,3,360700,0
360732,兴国县,3,360700,0
360733,会昌县,3,360700,0
360734,寻乌县,3,360700,0
360735,石城县,3,360700,0
360781,瑞金市,3,360700,0
360783,龙南市,3,360700,0
360800,吉安市,2,360000,0
360801,市辖区,3,360800,0
360802,吉州区,3,360800,0
360803,青原区,3,360800,0
360821,吉安县,3,360800,0
360822,吉水县,3,360800,0
360823,峡江县,3,360800,0
360824,新干县,3,360800,0
360825,永丰县,3,360800,0
360826,泰和县,3,360800,0
360827,遂川县,3,360800,0
360828,万安县,3,360800,0
360829,安福县,3,360800,0
360830,永新县,3,360800,0
360881,井冈山市,3,360800,0
360900,宜春市,2,360000,0
360901,市辖区,3,360900,0
360902,袁州区,3,360900,0
360921,奉新县,3,360900,0
360922,万载县,3,360900,0
360923,上高县,3,360900,0
360924,宜丰县,3,360900,0
360925,靖安县,3,360900,0
360926,铜鼓县,3,360900,0
360981,丰城市,3,360900,0
360982,樟树市,3,360900,0
360983,高安市,3,360900,0
361000,抚州市,2,360000,0
361001,市辖区,3,361000,0
361002,临川区,3,361000,0
361003,东乡区,3,361000,0
361021,南城县,3,361000,0
361022,黎川县,3,361000,0
361023,南丰县,3,361000,0
361024,崇仁县,3,361000,0
361025,乐安县,3,361000,0
361026,宜黄县,3,361000,0
361027,金溪县,3,361000,0
361028,资溪县,3,361000,0
361030,广昌县,3,361000,0
361100,上饶市,2,360000,0
361101,市辖区,3,361100,0
361102,信州区,3,361100,0
361103,广丰区,3,361100,0
361104,广信区,3,361100,0
361123,玉山县,3,361100,0
361124,铅山县,3,361100,0
361125,横峰县,3,361100,0
361126,弋阳县,3,361100,0
361127,余干县,3,361100,0
361128,鄱阳县,3,361100,0
361129,万年县,3,361100,0
361130,婺源县,3,361100,0
361181,德兴市,3,361100,0
370000,山东省,1,0,0
370100,济南市,2,370000,0
370101,市辖区,3,370100,0
370102,历下区,3,370100,0
370103,市中区,3,370100,0
370104,槐荫区,3,370100,0
370105,天桥区,3,370100,0
370112,历城区,3,370100,0
370113,长清区,3,370100,0
370114,章丘区,3,370100,0
370115,济阳区,3,370100,0
370116,莱芜区,3,370100,0
370117,钢城区,3,370100,0
370124,平阴县,3,370100,0
370126,商河县,3,370100,0
370176,济南高新技术产业开发区,3,370100,0
370200,青岛市,2,370000,0
370201,市辖区,3,370200,0
370202,市南区,3,370200,0
370203,市北区,3,370200,0
370211,黄岛区,3,370200,0
370212,崂山区,3,370200,0
370213,李沧区,3,370200,0
370214,城阳区,3,370200,0
370215,即墨区,3,370200,0
370281,胶州市,3,370200,0
370283,平度市,3,370200,0
370285,莱西市,3,370200,0
370300,淄博市,2,370000,0
370301,市辖区,3,370300,0
370302,淄川区,3,370300,0
370303,张店区,3,370300,0
370304,博山区,3,370300,0
370305,临淄区,3,370300,0
370306,周村区,3,370300,0
370321,桓台县,3,370300,0
370322,高青县,3,370300,0
370323,沂源县,3,370300,0
370400,枣庄市,2,370000,0
370401,市辖区,3,370400,0
370402,市中区,3,370400,0
370403,薛城区,3,370400,0
370404,峄城区,3,370400,0
370405,台儿庄区,3,370400,0
370406,山亭区,3,370400,0
370481,滕州市,3,370400,0
370500,东营市,2,370000,0
370501,市辖区,3,370500,0
370502,东营区,3,370500,0
370503,河口区,3,370500,0
370505,垦利区,3,370500,0
370522,利津县,3,370500,0
370523,广饶县,3,370500,0
370571,东营经济技术开发区,3,370500,0
370572,东营港经济开发区,3,370500,0
370600,烟台市,2,370000,0
370601,市辖区,3,370600,0
370602,芝罘区,3,370600,0
370611,福山区,3,370600,0
370612,牟平区,3,370600,0
370613,莱山区,3,370600,0
370614,蓬莱区,3,370600,0
370671,烟台高新技术产业开发区,3,370600,0
370676,烟台经济技术开发区,3,370600,0
370681,龙口市,3,370600,0
370682,莱阳市,3,370600,0
370683,莱州市,3,370600,0
370685,招远市,3,370600,0
370686,栖霞市,3,370600,0
370687,海阳市,3,370600,0
370700,潍坊市,2,370000,0
370701,市辖区,3,370700,0
370702,潍城区,3,370700,0
370703,寒亭区,3,370700,0
370704,坊子区,3,370700,0
370705,奎文区,3,370700,0
370724,临朐县,3,370700,0
370725,昌乐县,3,370700,0
370772,潍坊滨海经济技术开发区,3,370700,0
370781,青州市,3,370700,0
370782,诸城市,3,370700,0
370783,寿光市,3,370700,0
370784,安丘市,3,370700,0
370785,高密市,3,370700,0
370786,昌邑市,3,370700,0
370800,济宁市,2,370000,0
370801,市辖区,3,370800,0
370811,任城区,3,370800,0
370812,兖州区,3,370800,0
370826,微山县,3,370800,0
370827,鱼台县,3,370800,0
370828,金乡县,3,370800,0
370829,嘉祥县,3,370800,0
370830,汶上县,3,370800,0
370831,泗水县,3,370800,0
370832,梁山县,3,370800,0
370871,济宁高新技术产业开发区,3,370800,0
370881,曲阜市,3,370800,0
370883,邹城市,3,370800,0
370900,泰安市,2,370000,0
370901,市辖区,3,370900,0
370902,泰山区,3,370900,0
370911,岱岳区,3,370900,0
370921,宁阳县,3,370900,0
370923,东平县,3,370900,0
370982,新泰市,3,370900,0
370983,肥城市,3,370900,0
371000,威海市,2,370000,0
371001,市辖区,3,371000,0
371002,环翠区,3,371000,0
371003,文登区,3,371000,0
371071,威海火炬高技术产业开发区,3,371000,0
371072,威海经济技术开发区,3,371000,0
371073,威海临港经济技术开发区,3,371000,0
371082,荣成市,3,371000,0
371083,乳山市,3,371000,0
371100,日照市,2,370000,0
371101,市辖区,3,371100,0
371102,东港区,3,371100,0
371103,岚山区,3,371100,0
371121,五莲县,3,371100,0
371122,莒县,3,371100,0
371171,日照经济技术开发区,3,371100,0
371300,临沂市,2,370000,0
371301,市辖区,3,371300,0
371302,兰山区,3,371300,0
371311,罗庄区,3,371300,0
371312,河东区,3,371300,0
371321,沂南县,3,371300,0
371322,郯城县,3,371300,0
371323,沂水县,3,371300,0
371324,兰陵县,3,371300,0
371325,费县,3,371300,0
371326,平邑县,3,371300,0
371327,莒南县,3,371300,0
371328,蒙阴县,3,371300,0
371329,临沭县,3,371300,0
371371,临沂高新技术产业开发区,3,371300,0
371400,德州市,2,370000,0
371401,市辖区,3,371400,0
371402,德城区,3,371400,0
371403,陵城区,3,371400,0
371422,宁津县,3,371400,0
371423,庆云县,3,371400,0
371424,临邑县,3,371400,0
371425,齐河县,3,371400,0
371426,平原县,3,371400,0
371427,夏津县,3,371400,0
371428,武城县,3,371400,0
371471,德州天衢新区,3,371400,0
371481,乐陵市,3,371400,0
371482,禹城市,3,371400,0
371500,聊城市,2,370000,0
371501,市辖区,3,371500,0
371502,东昌府区,3,371500,0
371503,茌平区,3,371500,0
371521,阳谷县,3,371500,0
371522,莘县,3,371500,0
371524,东阿县,3,371500,0
371525,冠县,3,371500,0
371526,高唐县,3,371500,0
371581,临清市,3,371500,0
371600,滨州市,2,370000,0
371601,市辖区,3,371600,0
371602,滨城区,3,371600,0
371603,沾化区,3,371600,0
371621,惠民县,3,371600,0
371622,阳信县,3,371600,0
371623,无棣县,3,371600,0
371625,博兴县,3,371600,0
371681,邹平市,3,371600,0
371700,菏泽市,2,370000,0
371701,市辖区,3,371700,0
371702,牡丹区,3,371700,0
371703,定陶区,3,371700,0
371721,曹县,3,371700,0
371722,单县,3,371700,0
371723,成武县,3,371700,0
371724,巨野县,3,371700,0
371725,郓城县,3,371700,0
371726,鄄城县,3,371700,0
371728,东明县,3,371700,0
371771,菏泽经济技术开发区,3,371700,0
371772,菏泽高新技术开发区,3,371700,0
410000,河南省,1,0,0
410100,郑州市,2,410000,0
410101,市辖区,3,410100,0
410102,中原区,3,410100,0
410103,二七区,3,410100,0
410104,管城回族区,3,410100,0
410105,金水区,3,410100,0
410106,上街区,3,410100,0
410108,惠济区,3,410100,0
410122,中牟县,3,410100,0
410171,郑州经济技术开发区,3,410100,0
410172,郑州高新技术产业开发区,3,410100,0
410173,郑州航空港经济综合实验区,3,410100,0
410181,巩义市,3,410100,0
410182,荥阳市,3,410100,0
410183,新密市,3,410100,0
410184,新郑市,3,410100,0
410185,登封市,3,410100,0
410200,开封市,2,410000,0
410201,市辖区,3,410200,0
410202,龙亭区,3,410200,0
410203,顺河回族区,3,410200,0
410204,鼓楼区,3,410200,0
410205,禹王台区,3,410200,0
410212,祥符区,3,410200,0
410221,杞县,3,410200,0
410222,通许县,3,410200,0
410223,尉氏县,3,410200,0
410225,兰考县,3,410200,0
410300,洛阳市,2,410000,0
410301,市辖区,3,410300,0
410302,老城区,3,410300,0
410303,西工区,3,410300,0
410304,瀍河回族区,3,410300,0
410305,涧西区,3,410300,0
410307,偃师区,3,410300,0
410308,孟津区,3,410300,0
410311,洛龙区,3,410300,0
410323,新安县,3,410300,0
410324,栾川县,3,410300,0
410325,嵩县,3,410300,0
410326,汝阳县,3,410300,0
410327,宜阳县,3,410300,0
410328,洛宁县,3,410300,0
410329,伊川县,3,410300,0
410371,洛阳高新技术产业开发区,3,410300,0
410400,平顶山市,2,410000,0
410401,市辖区,3,410400,0
410402,新华区,3,410400,0
410403,卫东区,3,410400,0
410404,石龙区,3,410400,0
410411,湛河区,3,410400,0
410421,宝丰县,3,410400,0
410422,叶县,3,410400,0
410423,鲁山县,3,410400,0
410425,郏县,3,410400,0
410471,平顶山高新技术产业开发区,3,410400,0
410472,平顶山市城乡一体化示范区,3,410400,0
410481,舞钢市,3,410400,0
410482,汝州市,3,410400,0
410500,安阳市,2,410000,0
410501,市辖区,3,410500,0
410502,文峰区,3,410500,0
410503,北关区,3,410500,0
410505,殷都区,3,410500,0
410506,龙安区,3,410500,0
410522,安阳县,3,410500,0
410523,汤阴县,3,410500,0
410526,滑县,3,410500,0
410527,内黄县,3,410500,0
410571,安阳高新技术产业开发区,3,410500,0
410581,林州市,3,410500,0
410600,鹤壁市,2,410000,0
410601,市辖区,3,410600,0
410602,鹤山区,3,410600,0
410603,山城区,3,410600,0
410611,淇滨区,3,410600,0
410621,浚县,3,410600,0
410622,淇县,3,410600,0
410671,鹤壁经济技术开发区,3,410600,0
410700,新乡市,2,410000,0
410701,市辖区,3,410700,0
410702,红旗区,3,410700,0
410703,卫滨区,3,410700,0
410704,凤泉区,3,410700,0
410711,牧野区,3,410700,0
410721,新乡县,3,410700,0
410724,获嘉县,3,410700,0
410725,原阳县,3,410700,0
410726,延津县,3,410700,0
410727,封丘县,3,410700,0
410771,新乡高新技术产业开发区,3,410700,0
410772,新乡经济技术开发区,3,410700,0
410773,新乡市平原城乡一体化示范区,3,410700,0
410781,卫辉市,3,410700,0
410782,辉县市,3,410700,0
410783,长垣市,3,410700,0
410800,焦作市,2,410000,0
410801,市辖区,3,410800,0
410802,解放区,3,410800,0
410803,中站区,3,410800,0
410804,马村区,3,410800,0
410811,山阳区,3,410800,0
410821,修武县,3,410800,0
410822,博爱县,3,410800,0
410823,武陟县,3,410800,0
410825,温县,3,410800,0
410871,焦作城乡一体化示范区,3,410800,0
410882,沁阳市,3,410800,0
410883,孟州市,3,410800,0
410900,濮阳市,2,410000,0
410901,市辖区,3,410900,0
410902,华龙区,3,410900,0
410922,清丰县,3,410900,0
410923,南乐县,3,410900,0
410926,范县,3,410900,0
410927,台前县,3,410900,0
410928,濮阳县,3,410900,0
410971,河南濮阳工业园区,3,410900,0
410972,濮阳经济技术开发区,3,410900,0
411000,许昌市,2,410000,0
411001,市辖区,3,411000,0
411002,魏都区,3,411000,0
411003,建安区,3,411000,0
411024,鄢陵县,3,411000,0
411025,襄城县,3,411000,0
411071,许昌经济技术开发区,3,411000,0
411081,禹州市,3,411000,0
411082,长葛市,3,411000,0
411100,漯河市,2,410000,0
411101,市辖区,3,411100,0
411102,源汇区,3,411100,0
411103,郾城区,3,411100,0
411104,召陵区,3,411100,0
411121,舞阳县,3,411100,0
411122,临颍县,3,411100,0
411171,漯河经济技术开发区,3,411100,0
411200,三门峡市,2,410000,0
411201,市辖区,3,411200,0
411202,湖滨区,3,411200,0
411203,陕州区,3,411200,0
411221,渑池县,3,411200,0
411224,卢氏县,3,411200,0
411271,河南三门峡经济开发区,3,411200,0
411281,义马市,3,411200,0
411282,灵宝市,3,411200,0
411300,南阳市,2,410000,0
411301,市辖区,3,411300,0
411302,宛城区,3,411300,0
411303,卧龙区,3,411300,0
411321,南召县,3,411300,0
411322,方城县,3,411300,0
411323,西峡县,3,411300,0
411324,镇平县,3,411300,0
411325,内乡县,3,411300,0
411326,淅川县,3,411300,0
411327,社旗县,3,411300,0
411328,唐河县,3,411300,0
411329,新野县,3,411300,0
411330,桐柏县,3,411300,0
411371,南阳高新技术产业开发区,3,411300,0
411372,南阳市城乡一体化示范区,3,411300,0
411381,邓州市,3,411300,0
411400,商丘市,2,410000,0
411401,市辖区,3,411400,0
411402,梁园区,3,411400,0
411403,睢阳区,3,411400,0
411421,民权县,3,411400,0
411422,睢县,3,411400,0
411423,宁陵县,3,411400,0
411424,柘城县,3,411400,0
411425,虞城县,3,411400,0
411426,夏邑县,3,411400,0
411471,豫东综合物流产业聚集区,3,411400,0
411472,河南商丘经济开发区,3,411400,0
411481,永城市,3,411400,0
411500,信阳市,2,410000,0
411501,市辖区,3,411500,0
411502,浉河区,3,411500,0
411503,平桥区,3,411500,0
411521,罗山县,3,411500,0
411522,光山县,3,411500,0
411523,新县,3,411500,0
411524,商城县,3,411500,0
411525,固始县,3,411500,0
411526,潢川县,3,411500,0
411527,淮滨县,3,411500,0
411528,息县,3,411500,0
411571,信阳高新技术产业开发区,3,411500,0
411600,周口市,2,410000,0
411601,市辖区,3,411600,0
411602,川汇区,3,411600,0
411603,淮阳区,3,411600,0
411621,扶沟县,3,411600,0
411622,西华县,3,411600,0
411623,商水县,3,411600,0
411624,沈丘县,3,411600,0
411625,郸城县,3,411600,0
411627,太康县,3,411600,0
411628,鹿邑县,3,411600,0
411671,周口临港开发区,3,411600,0
411681,项城市,3,411600,0
411700,驻马店市,2,410000,0
411701,市辖区,3,411700,0
411702,驿城区,3,411700,0
411721,西平县,3,411700,0
411722,上蔡县,3,411700,0
411723,平舆县,3,411700,0
411724,正阳县,3,411700,0
411725,确山县,3,411700,0
411726,泌阳县,3,411700,0
411727,汝南县,3,411700,0
411728,遂平县,3,411700,0
411729,新蔡县,3,411700,0
411771,河南驻马店经济开发区,3,411700,0
419000,省直辖县级行政区划,2,410000,0
419001,济源市,3,419000,0
420000,湖北省,1,0,0
420100,武汉市,2,420000,0
420101,市辖区,3,420100,0
420102,江岸区,3,420100,0
420103,江汉区,3,420100,0
420104,硚口区,3,420100,0
420105,汉阳区,3,420100,0
420106,武昌区,3,420100,0
420107,青山区,3,420100,0
420111,洪山区,3,420100,0
420112,东西湖区,3,420100,0
420113,汉南区,3,420100,0
420114,蔡甸区,3,420100,0
420115,江夏区,3,420100,0
420116,黄陂区,3,420100,0
420117,新洲区,3,420100,0
420200,黄石市,2,420000,0
420201,市辖区,3,420200,0
420202,黄石港区,3,420200,0
420203,西塞山区,3,420200,0
420204,下陆区,3,420200,0
420205,铁山区,3,420200,0
420222,阳新县,3,420200,0
420281,大冶市,3,420200,0
420300,十堰市,2,420000,0
420301,市辖区,3,420300,0
420302,茅箭区,3,420300,0
420303,张湾区,3,420300,0
420304,郧阳区,3,420300,0
420322,郧西县,3,420300,0
420323,竹山县,3,420300,0
420324,竹溪县,3,420300,0
420325,房县,3,420300,0
420381,丹江口市,3,420300,0
420500,宜昌市,2,420000,0
420501,市辖区,3,420500,0
420502,西陵区,3,420500,0
420503,伍家岗区,3,420500,0
420504,点军区,3,420500,0
420505,猇亭区,3,420500,0
420506,夷陵区,3,420500,0
420525,远安县,3,420500,0
420526,兴山县,3,420500,0
420527,秭归县,3,420500,0
420528,长阳土家族自治县,3,420500,0
420529,五峰土家族自治县,3,420500,0
420581,宜都市,3,420500,0
420582,当阳市,3,420500,0
420583,枝江市,3,420500,0
420600,襄阳市,2,420000,0
420601,市辖区,3,420600,0
420602,襄城区,3,420600,0
420606,樊城区,3,420600,0
420607,襄州区,3,420600,0
420624,南漳县,3,420600,0
420625,谷城县,3,420600,0
420626,保康县,3,420600,0
420682,老河口市,3,420600,0
420683,枣阳市,3,420600,0
420684,宜城市,3,420600,0
420700,鄂州市,2,420000,0
420701,市辖区,3,420700,0
420702,梁子湖区,3,420700,0
420703,华容区,3,420700,0
420704,鄂城区,3,420700,0
420800,荆门市,2,420000,0
420801,市辖区,3,420800,0
420802,东宝区,3,420800,0
420804,掇刀区,3,420800,0
420822,沙洋县,3,420800,0
420881,钟祥市,3,420800,0
420882,京山市,3,420800,0
420900,孝感市,2,420000,0
420901,市辖区,3,420900,0
420902,孝南区,3,420900,0
420921,孝昌县,3,420900,0
420922,大悟县,3,420900,0
420923,云梦县,3,420900,0
420981,应城市,3,420900,0
420982,安陆市,3,420900,0
420984,汉川市,3,420900,0
421000,荆州市,2,420000,0
421001,市辖区,3,421000,0
421002,沙市区,3,421000,0
421003,荆州区,3,421000,0
421022,公安县,3,421000,0
421024,江陵县,3,421000,0
421071,荆州经济技术开发区,3,421000,0
421081,石首市,3,421000,0
421083,洪湖市,3,421000,0
421087,松滋市,3,421000,0
421088,监利市,3,421000,0
421100,黄冈市,2,420000,0
421101,市辖区,3,421100,0
421102,黄州区,3,421100,0
421121,团风县,3,421100,0
421122,红安县,3,421100,0
421123,罗田县,3,421100,0
421124,英山县,3,421100,0
421125,浠水县,3,421100,0
421126,蕲春县,3,421100,0
421127,黄梅县,3,421100,0
421171,龙感湖管理区,3,421100,0
421181,麻城市,3,421100,0
421182,武穴市,3,421100,0
421200,咸宁市,2,420000,0
421201,市辖区,3,421200,0
421202,咸安区,3,421200,0
421221,嘉鱼县,3,421200,0
421222,通城县,3,421200,0
421223,崇阳县,3,421200,0
421224,通山县,3,421200,0
421281,赤壁市,3,421200,0
421300,随州市,2,420000,0
421301,市辖区,3,421300,0
421303,曾都区,3,421300,0
421321,随县,3,421300,0
421381,广水市,3,421300,0
422800,恩施土家族苗族自治州,2,420000,0
422801,恩施市,3,422800,0
422802,利川市,3,422800,0
422822,建始县,3,422800,0
422823,巴东县,3,422800,0
422825,宣恩县,3,422800,0
422826,咸丰县,3,422800,0
422827,来凤县,3,422800,0
422828,鹤峰县,3,422800,0
429000,省直辖县级行政区划,2,420000,0
429004,仙桃市,3,429000,0
429005,潜江市,3,429000,0
429006,天门市,3,429000,0
429021,神农架林区,3,429000,0
430000,湖南省,1,0,0
430100,长沙市,2,430000,0
430101,市辖区,3,430100,0
430102,芙蓉区,3,430100,0
430103,天心区,3,430100,0
430104,岳麓区,3,430100,0
430105,开福区,3,430100,0
430111,雨花区,3,430100,0
430112,望城区,3,430100,0
430121,长沙县,3,430100,0
430181,浏阳市,3,430100,0
430182,宁乡市,3,430100,0
430200,株洲市,2,430000,0
430201,市辖区,3,430200,0
430202,荷塘区,3,430200,0
430203,芦淞区,3,430200,0
430204,石峰区,3,430200,0
430211,天元区,3,430200,0
430212,渌口区,3,430200,0
430223,攸县,3,430200,0
430224,茶陵县,3,430200,0
430225,炎陵县,3,430200,0
430281,醴陵市,3,430200,0
430300,湘潭市,2,430000,0
430301,市辖区,3,430300,0
430302,雨湖区,3,430300,0
430304,岳塘区,3,430300,0
430321,湘潭县,3,430300,0
430371,湖南湘潭高新技术产业园区,3,430300,0
430372,湘潭昭山示范区,3,430300,0
430373,湘潭九华示范区,3,430300,0
430381,湘乡市,3,430300,0
430382,韶山市,3,430300,0
430400,衡阳市,2,430000,0
430401,市辖区,3,430400,0
430405,珠晖区,3,430400,0
430406,雁峰区,3,430400,0
430407,石鼓区,3,430400,0
430408,蒸湘区,3,430400,0
430412,南岳区,3,430400,0
430421,衡阳县,3,430400,0
430422,衡南县,3,430400,0
430423,衡山县,3,430400,0
430424,衡东县,3,430400,0
430426,祁东县,3,430400,0
430473,湖南衡阳松木经济开发区,3,430400,0
430476,湖南衡阳高新技术产业园区,3,430400,0
430481,耒阳市,3,430400,0
430482,常宁市,3,430400,0
430500,邵阳市,2,430000,0
430501,市辖区,3,430500,0
430502,双清区,3,430500,0
430503,大祥区,3,430500,0
430511,北塔区,3,430500,0
430522,新邵县,3,430500,0
430523,邵阳县,3,430500,0
430524,隆回县,3,430500,0
430525,洞口县,3,430500,0
430527,绥宁县,3,430500,0
430528,新宁县,3,430500,0
430529,城步苗族自治县,3,430500,0
430581,武冈市,3,430500,0
430582,邵东市,3,430500,0
430600,岳阳市,2,430000,0
430601,市辖区,3,430600,0
430602,岳阳楼区,3,430600,0
430603,云溪区,3,430600,0
430611,君山区,3,430600,0
430621,岳阳县,3,430600,0
430623,华容县,3,430600,0
430624,湘阴县,3,430600,0
430626,平江县,3,430600,0
430671,岳阳市屈原管理区,3,430600,0
430681,汨罗市,3,430600,0
430682,临湘市,3,430600,0
430700,常德市,2,430000,0
430701,市辖区,3,430700,0
430702,武陵区,3,430700,0
430703,鼎城区,3,430700,0
430721,安乡县,3,430700,0
430722,汉寿县,3,430700,0
430723,澧县,3,430700,0
430724,临澧县,3,430700,0
430725,桃源县,3,430700,0
430726,石门县,3,430700,0
430771,常德市西洞庭管理区,3,430700,0
430781,津市市,3,430700,0
430800,张家界市,2,430000,0
430801,市辖区,3,430800,0
430802,永定区,3,430800,0
430811,武陵源区,3,430800,0
430821,慈利县,3,430800,0
430822,桑植县,3,430800,0
430900,益阳市,2,430000,0
430901,市辖区,3,430900,0
430902,资阳区,3,430900,0
430903,赫山区,3,430900,0
430921,南县,3,430900,0
430922,桃江县,3,430900,0
430923,安化县,3,430900,0
430971,益阳市大通湖管理区,3,430900,0
430972,湖南益阳高新技术产业园区,3,430900,0
430981,沅江市,3,430900,0
431000,郴州市,2,430000,0
431001,市辖区,3,431000,0
431002,北湖区,3,431000,0
431003,苏仙区,3,431000,0
431021,桂阳县,3,431000,0
431022,宜章县,3,431000,0
431023,永兴县,3,431000,0
431024,嘉禾县,3,431000,0
431025,临武县,3,431000,0
431026,汝城县,3,431000,0
431027,桂东县,3,431000,0
431028,安仁县,3,431000,0
431081,资兴市,3,431000,0
431100,永州市,2,430000,0
431101,市辖区,3,431100,0
431102,零陵区,3,431100,0
431103,冷水滩区,3,431100,0
431122,东安县,3,431100,0
431123,双牌县,3,431100,0
431124,道县,3,431100,0
431125,江永县,3,431100,0
431126,宁远县,3,431100,0
431127,蓝山县,3,431100,0
431128,新田县,3,431100,0
431129,江华瑶族自治县,3,431100,0
431171,永州经济技术开发区,3,431100,0
431173,永州市回龙圩管理区,3,431100,0
431181,祁阳市,3,431100,0
431200,怀化市,2,430000,0
431201,市辖区,3,431200,0
431202,鹤城区,3,431200,0
431221,中方县,3,431200,0
431222,沅陵县,3,431200,0
431223,辰溪县,3,431200,0
431224,溆浦县,3,431200,0
431225,会同县,3,431200,0
431226,麻阳苗族自治县,3,431200,0
431227,新晃侗族自治县,3,431200,0
431228,芷江侗族自治县,3,431200,0
431229,靖州苗族侗族自治县,3,431200,0
431230,通道侗族自治县,3,431200,0
431271,怀化市洪江管理区,3,431200,0
431281,洪江市,3,431200,0
431300,娄底市,2,430000,0
431301,市辖区,3,431300,0
431302,娄星区,3,431300,0
431321,双峰县,3,431300,0
431322,新化县,3,431300,0
431381,冷水江市,3,431300,0
431382,涟源市,3,431300,0
433100,湘西土家族苗族自治州,2,430000,0
433101,吉首市,3,433100,0
433122,泸溪县,3,433100,0
433123,凤凰县,3,433100,0
433124,花垣县,3,433100,0
433125,保靖县,3,433100,0
433126,古丈县,3,433100,0
433127,永顺县,3,433100,0
433130,龙山县,3,433100,0
440000,广东省,1,0,0
440100,广州市,2,440000,0
440101,市辖区,3,440100,0
440103,荔湾区,3,440100,0
440104,越秀区,3,440100,0
440105,海珠区,3,440100,0
440106,天河区,3,440100,0
440111,白云区,3,440100,0
440112,黄埔区,3,440100,0
440113,番禺区,3,440100,0
440114,花都区,3,440100,0
440115,南沙区,3,440100,0
440117,从化区,3,440100,0
440118,增城区,3,440100,0
440200,韶关市,2,440000,0
440201,市辖区,3,440200,0
440203,武江区,3,440200,0
440204,浈江区,3,440200,0
440205,曲江区,3,440200,0
440222,始兴县,3,440200,0
440224,仁化县,3,440200,0
440229,翁源县,3,440200,0
440232,乳源瑶族自治县,3,440200,0
440233,新丰县,3,440200,0
440281,乐昌市,3,440200,0
440282,南雄市,3,440200,0
440300,深圳市,2,440000,0
440301,市辖区,3,440300,0
440303,罗湖区,3,440300,0
440304,福田区,3,440300,0
440305,南山区,3,440300,0
440306,宝安区,3,440300,0
440307,龙岗区,3,440300,0
440308,盐田区,3,440300,0
440309,龙华区,3,440300,0
440310,坪山区,3,440300,0
440311,光明区,3,440300,0
440400,珠海市,2,440000,0
440401,市辖区,3,440400,0
440402,香洲区,3,440400,0
440403,斗门区,3,440400,0
440404,金湾区,3,440400,0
440500,汕头市,2,440000,0
440501,市辖区,3,440500,0
440507,龙湖区,3,440500,0
440511,金平区,3,440500,0
440512,濠江区,3,440500,0
440513,潮阳区,3,440500,0
440514,潮南区,3,440500,0
440515,澄海区,3,440500,0
440523,南澳县,3,440500,0
440600,佛山市,2,440000,0
440601,市辖区,3,440600,0
440604,禅城区,3,440600,0
440605,南海区,3,440600,0
440606,顺德区,3,440600,0
440607,三水区,3,440600,0
440608,高明区,3,440600,0
440700,江门市,2,440000,0
440701,市辖区,3,440700,0
440703,蓬江区,3,440700,0
440704,江海区,3,440700,0
440705,新会区,3,440700,0
440781,台山市,3,440700,0
440783,开平市,3,440700,0
440784,鹤山市,3,440700,0
440785,恩平市,3,440700,0
440800,湛江市,2,440000,0
440801,市辖区,3,440800,0
440802,赤坎区,3,440800,0
440803,霞山区,3,440800,0
440804,坡头区,3,440800,0
440811,麻章区,3,440800,0
440823,遂溪县,3,440800,0
440825,徐闻县,3,440800,0
440881,廉江市,3,440800,0
440882,雷州市,3,440800,0
440883,吴川市,3,440800,0
440900,茂名市,2,440000,0
440901,市辖区,3,440900,0
440902,茂南区,3,440900,0
440904,电白区,3,440900,0
440981,高州市,3,440900,0
440982,化州市,3,440900,0
440983,信宜市,3,440900,0
441200,肇庆市,2,440000,0
441201,市辖区,3,441200,0
441202,端州区,3,441200,0
441203,鼎湖区,3,441200,0
441204,高要区,3,441200,0
441223,广宁县,3,441200,0
441224,怀集县,3,441200,0
441225,封开县,3,441200,0
441226,德庆县,3,441200,0
441284,四会市,3,441200,0
441300,惠州市,2,440000,0
441301,市辖区,3,441300,0
441302,惠城区,3,441300,0
441303,惠阳区,3,441300,0
441322,博罗县,3,441300,0
441323,惠东县,3,441300,0
441324,龙门县,3,441300,0
441400,梅州市,2,440000,0
441401,市辖区,3,441400,0
441402,梅江区,3,441400,0
441403,梅县区,3,441400,0
441422,大埔县,3,441400,0
441423,丰顺县,3,441400,0
441424,五华县,3,441400,0
441426,平远县,3,441400,0
441427,蕉岭县,3,441400,0
441481,兴宁市,3,441400,0
441500,汕尾市,2,440000,0
441501,市辖区,3,441500,0
441502,城区,3,441500,0
441521,海丰县,3,441500,0
441523,陆河县,3,441500,0
441581,陆丰市,3,441500,0
441600,河源市,2,440000,0
441601,市辖区,3,441600,0
441602,源城区,3,441600,0
441621,紫金县,3,441600,0
441622,龙川县,3,441600,0
441623,连平县,3,441600,0
441624,和平县,3,441600,0
441625,东源县,3,441600,0
441700,阳江市,2,440000,0
441701,市辖区,3,441700,0
441702,江城区,3,441700,0
441704,阳东区,3,441700,0
441721,阳西县,3,441700,0
441781,阳春市,3,441700,0
441800,清远市,2,440000,0
441801,市辖区,3,441800,0
441802,清城区,3,441800,0
441803,清新区,3,441800,0
441821,佛冈县,3,441800,0
441823,阳山县,3,441800,0
441825,连山壮族瑶族自治县,3,441800,0
441826,连南瑶族自治县,3,441800,0
441881,英德市,3,441800,0
441882,连州市,3,441800,0
441900,东莞市,2,440000,0
442000,中山市,2,440000,0
445100,潮州市,2,440000,0
445101,市辖区,3,445100,0
445102,湘桥区,3,445100,0
445103,潮安区,3,445100,0
445122,饶平县,3,445100,0
445200,揭阳市,2,440000,0
445201,市辖区,3,445200,0
445202,榕城区,3,445200,0
445203,揭东区,3,445200,0
445222,揭西县,3,445200,0
445224,惠来县,3,445200,0
445281,普宁市,3,445200,0
445300,云浮市,2,440000,0
445301,市辖区,3,445300,0
445302,云城区,3,445300,0
445303,云安区,3,445300,0
445321,新兴县,3,445300,0
445322,郁南县,3,445300,0
445381,罗定市,3,445300,0
450000,广西壮族自治区,1,0,0
450100,南宁市,2,450000,0
450101,市辖区,3,450100,0
450102,兴宁区,3,450100,0
450103,青秀区,3,450100,0
450105,江南区,3,450100,0
450107,西乡塘区,3,450100,0
450108,良庆区,3,450100,0
450109,邕宁区,3,450100,0
450110,武鸣区,3,450100,0
450123,隆安县,3,450100,0
450124,马山县,3,450100,0
450125,上林县,3,450100,0
450126,宾阳县,3,450100,0
450181,横州市,3,450100,0
450200,柳州市,2,450000,0
450201,市辖区,3,450200,0
450202,城中区,3,450200,0
450203,鱼峰区,3,450200,0
450204,柳南区,3,450200,0
450205,柳北区,3,450200,0
450206,柳江区,3,450200,0
450222,柳城县,3,450200,0
450223,鹿寨县,3,450200,0
450224,融安县,3,450200,0
450225,融水苗族自治县,3,450200,0
450226,三江侗族自治县,3,450200,0
450300,桂林市,2,450000,0
450301,市辖区,3,450300,0
450302,秀峰区,3,450300,0
450303,叠彩区,3,450300,0
450304,象山区,3,450300,0
450305,七星区,3,450300,0
450311,雁山区,3,450300,0
450312,临桂区,3,450300,0
450321,阳朔县,3,450300,0
450323,灵川县,3,450300,0
450324,全州县,3,450300,0
450325,兴安县,3,450300,0
450326,永福县,3,450300,0
450327,灌阳县,3,450300,0
450328,龙胜各族自治县,3,450300,0
450329,资源县,3,450300,0
450330,平乐县,3,450300,0
450332,恭城瑶族自治县,3,450300,0
450381,荔浦市,3,450300,0
450400,梧州市,2,450000,0
450401,市辖区,3,450400,0
450403,万秀区,3,450400,0
450405,长洲区,3,450400,0
450406,龙圩区,3,450400,0
450421,苍梧县,3,450400,0
450422,藤县,3,450400,0
450423,蒙山县,3,450400,0
450481,岑溪市,3,450400,0
450500,北海市,2,450000,0
450501,市辖区,3,450500,0
450502,海城区,3,450500,0
450503,银海区,3,450500,0
450512,铁山港区,3,450500,0
450521,合浦县,3,450500,0
450600,防城港市,2,450000,0
450601,市辖区,3,450600,0
450602,港口区,3,450600,0
450603,防城区,3,450600,0
450621,上思县,3,450600,0
450681,东兴市,3,450600,0
450700,钦州市,2,450000,0
450701,市辖区,3,450700,0
450702,钦南区,3,450700,0
450703,钦北区,3,450700,0
450721,灵山县,3,450700,0
450722,浦北县,3,450700,0
450800,贵港市,2,450000,0
450801,市辖区,3,450800,0
450802,港北区,3,450800,0
450803,港南区,3,450800,0
450804,覃塘区,3,450800,0
450821,平南县,3,450800,0
450881,桂平市,3,450800,0
450900,玉林市,2,450000,0
450901,市辖区,3,450900,0
450902,玉州区,3,450900,0
450903,福绵区,3,450900,0
450921,容县,3,450900,0
450922,陆川县,3,450900,0
450923,博白县,3,450900,0
450924,兴业县,3,450900,0
450981,北流市,3,450900,0
451000,百色市,2,450000,0
451001,市辖区,3,451000,0
451002,右江区,3,451000,0
451003,田阳区,3,451000,0
451022,田东县,3,451000,0
451024,德保县,3,451000,0
451026,那坡县,3,451000,0
451027,凌云县,3,451000,0
451028,乐业县,3,451000,0
451029,田林县,3,451000,0
451030,西林县,3,451000,0
451031,隆林各族自治县,3,451000,0
451081,靖西市,3,451000,0
451082,平果市,3,451000,0
451100,贺州市,2,450000,0
451101,市辖区,3,451100,0
451102,八步区,3,451100,0
451103,平桂区,3,451100,0
451121,昭平县,3,451100,0
451122,钟山县,3,451100,0
451123,富川瑶族自治县,3,451100,0
451200,河池市,2,450000,0
451201,市辖区,3,451200,0
451202,金城江区,3,451200,0
451203,宜州区,3,451200,0
451221,南丹县,3,451200,0
451222,天峨县,3,451200,0
451223,凤山县,3,451200,0
451224,东兰县,3,451200,0
451225,罗城仫佬族自治县,3,451200,0
451226,环江毛南族自治县,3,451200,0
451227,巴马瑶族自治县,3,451200,0
451228,都安瑶族自治县,3,451200,0
451229,大化瑶族自治县,3,451200,0
451300,来宾市,2,450000,0
451301,市辖区,3,451300,0
451302,兴宾区,3,451300,0
451321,忻城县,3,451300,0
451322,象州县,3,451300,0
451323,武宣县,3,451300,0
451324,金秀瑶族自治县,3,451300,0
451381,合山市,3,451300,0
451400,崇左市,2,450000,0
451401,市辖区,3,451400,0
451402,江州区,3,451400,0
451421,扶绥县,3,451400,0
451422,宁明县,3,451400,0
451423,龙州县,3,451400,0
451424,大新县,3,451400,0
451425,天等县,3,451400,0
451481,凭祥市,3,451400,0
460000,海南省,1,0,0
460100,海口市,2,460000,0
460101,市辖区,3,460100,0
460105,秀英区,3,460100,0
460106,龙华区,3,460100,0
460107,琼山区,3,460100,0
460108,美兰区,3,460100,0
460200,三亚市,2,460000,0
460201,市辖区,3,460200,0
460202,海棠区,3,460200,0
460203,吉阳区,3,460200,0
460204,天涯区,3,460200,0
460205,崖州区,3,460200,0
460300,三沙市,2,460000,0
460321,西沙群岛,3,460300,0
460322,南沙群岛,3,460300,0
460323,中沙群岛的岛礁及其海域,3,460300,0
460400,儋州市,2,460000,0
469000,省直辖县级行政区划,2,460000,0
469001,五指山市,3,469000,0
469002,琼海市,3,469000,0
469005,文昌市,3,469000,0
469006,万宁市,3,469000,0
469007,东方市,3,469000,0
469021,定安县,3,469000,0
469022,屯昌县,3,469000,0
469023,澄迈县,3,469000,0
469024,临高县,3,469000,0
469025,白沙黎族自治县,3,469000,0
469026,昌江黎族自治县,3,469000,0
469027,乐东黎族自治县,3,469000,0
469028,陵水黎族自治县,3,469000,0
469029,保亭黎族苗族自治县,3,469000,0
469030,琼中黎族苗族自治县,3,469000,0
500000,重庆市,1,0,0
500100,市辖区,2,500000,0
500101,万州区,3,500100,0
500102,涪陵区,3,500100,0
500103,渝中区,3,500100,0
500104,大渡口区,3,500100,0
500105,江北区,3,500100,0
500106,沙坪坝区,3,500100,0
500107,九龙坡区,3,500100,0
500108,南岸区,3,500100,0
500109,北碚区,3,500100,0
500110,綦江区,3,500100,0
500111,大足区,3,500100,0
500112,渝北区,3,500100,0
500113,巴南区,3,500100,0
500114,黔江区,3,500100,0
500115,长寿区,3,500100,0
500116,江津区,3,500100,0
500117,合川区,3,500100,0
500118,永川区,3,500100,0
500119,南川区,3,500100,0
500120,璧山区,3,500100,0
500151,铜梁区,3,500100,0
500152,潼南区,3,500100,0
500153,荣昌区,3,500100,0
500154,开州区,3,500100,0
500155,梁平区,3,500100,0
500156,武隆区,3,500100,0
500200,县,2,500000,0
500229,城口县,3,500200,0
500230,丰都县,3,500200,0
500231,垫江县,3,500200,0
500233,忠县,3,500200,0
500235,云阳县,3,500200,0
500236,奉节县,3,500200,0
500237,巫山县,3,500200,0
500238,巫溪县,3,500200,0
500240,石柱土家族自治县,3,500200,0
500241,秀山土家族苗族自治县,3,500200,0
500242,酉阳土家族苗族自治县,3,500200,0
500243,彭水苗族土家族自治县,3,500200,0
510000,四川省,1,0,0
510100,成都市,2,510000,0
510101,市辖区,3,510100,0
510104,锦江区,3,510100,0
510105,青羊区,3,510100,0
510106,金牛区,3,510100,0
510107,武侯区,3,510100,0
510108,成华区,3,510100,0
510112,龙泉驿区,3,510100,0
510113,青白江区,3,510100,0
510114,新都区,3,510100,0
510115,温江区,3,510100,0
510116,双流区,3,510100,0
510117,郫都区,3,510100,0
510118,新津区,3,510100,0
510121,金堂县,3,510100,0
510129,大邑县,3,510100,0
510131,蒲江县,3,510100,0
510181,都江堰市,3,510100,0
510182,彭州市,3,510100,0
510183,邛崃市,3,510100,0
510184,崇州市,3,510100,0
510185,简阳市,3,510100,0
510300,自贡市,2,510000,0
510301,市辖区,3,510300,0
510302,自流井区,3,510300,0
510303,贡井区,3,510300,0
510304,大安区,3,510300,0
510311,沿滩区,3,510300,0
510321,荣县,3,510300,0
510322,富顺县,3,510300,0
510400,攀枝花市,2,510000,0
510401,市辖区,3,510400,0
510402,东区,3,510400,0
510403,西区,3,510400,0
510411,仁和区,3,510400,0
510421,米易县,3,510400,0
510422,盐边县,3,510400,0
510500,泸州市,2,510000,0
510501,市辖区,3,510500,0
510502,江阳区,3,510500,0
510503,纳溪区,3,510500,0
510504,龙马潭区,3,510500,0
510521,泸县,3,510500,0
510522,合江县,3,510500,0
510524,叙永县,3,510500,0
510525,古蔺县,3,510500,0
510600,德阳市,2,510000,0
510601,市辖区,3,510600,0
510603,旌阳区,3,510600,0
510604,罗江区,3,510600,0
510623,中江县,3,510600,0
510681,广汉市,3,510600,0
510682,什邡市,3,510600,0
510683,绵竹市,3,510600,0
510700,绵阳市,2,510000,0
510701,市辖区,3,510700,0
510703,涪城区,3,510700,0
510704,游仙区,3,510700,0
510705,安州区,3,510700,0
510722,三台县,3,510700,0
510723,盐亭县,3,510700,0
510725,梓潼县,3,510700,0
510726,北川羌族自治县,3,510700,0
510727,平武县,3,510700,0
510781,江油市,3,510700,0
510800,广元市,2,510000,0
510801,市辖区,3,510800,0
510802,利州区,3,510800,0
510811,昭化区,3,510800,0
510812,朝天区,3,510800,0
510821,旺苍县,3,510800,0
510822,青川县,3,510800,0
510823,剑阁县,3,510800,0
510824,苍溪县,3,510800,0
510900,遂宁市,2,510000,0
510901,市辖区,3,510900,0
510903,船山区,3,510900,0
510904,安居区,3,510900,0
510921,蓬溪县,3,510900,0
510923,大英县,3,510900,0
510981,射洪市,3,510900,0
511000,内江市,2,510000,0
511001,市辖区,3,511000,0
511002,市中区,3,511000,0
511011,东兴区,3,511000,0
511024,威远县,3,511000,0
511025,资中县,3,511000,0
511083,隆昌市,3,511000,0
511100,乐山市,2,510000,0
511101,市辖区,3,511100,0
511102,市中区,3,511100,0
511111,沙湾区,3,511100,0
511112,五通桥区,3,511100,0
511113,金口河区,3,511100,0
511123,犍为县,3,511100,0
511124,井研县,3,511100,0
511126,夹江县,3,511100,0
511129,沐川县,3,511100,0
511132,峨边彝族自治县,3,511100,0
511133,马边彝族自治县,3,511100,0
511181,峨眉山市,3,511100,0
511300,南充市,2,510000,0
511301,市辖区,3,511300,0
511302,顺庆区,3,511300,0
511303,高坪区,3,511300,0
511304,嘉陵区,3,511300,0
511321,南部县,3,511300,0
511322,营山县,3,511300,0
511323,蓬安县,3,511300,0
511324,仪陇县,3,511300,0
511325,西充县,3,511300,0
511381,阆中市,3,511300,0
511400,眉山市,2,510000,0
511401,市辖区,3,511400,0
511402,东坡区,3,511400,0
511403,彭山区,3,511400,0
511421,仁寿县,3,511400,0
511423,洪雅县,3,511400,0
511424,丹棱县,3,511400,0
511425,青神县,3,511400,0
511500,宜宾市,2,510000,0
511501,市辖区,3,511500,0
511502,翠屏区,3,511500,0
511503,南溪区,3,511500,0
511504,叙州区,3,511500,0
511523,江安县,3,511500,0
511524,长宁县,3,511500,0
511525,高县,3,511500,0
511526,珙县,3,511500,0
511527,筠连县,3,511500,0
511528,兴文县,3,511500,0
511529,屏山县,3,511500,0
511600,广安市,2,510000,0
511601,市辖区,3,511600,0
511602,广安区,3,511600,0
511603,前锋区,3,511600,0
511621,岳池县,3,511600,0
511622,武胜县,3,511600,0
511623,邻水县,3,511600,0
511681,华蓥市,3,511600,0
511700,达州市,2,510000,0
511701,市辖区,3,511700,0
511702,通川区,3,511700,0
511703,达川区,3,511700,0
511722,宣汉县,3,511700,0
511723,开江县,3,511700,0
511724,大竹县,3,511700,0
511725,渠县,3,511700,0
511781,万源市,3,511700,0
511800,雅安市,2,510000,0
511801,市辖区,3,511800,0
511802,雨城区,3,511800,0
511803,名山区,3,511800,0
511822,荥经县,3,511800,0
511823,汉源县,3,511800,0
511824,石棉县,3,511800,0
511825,天全县,3,511800,0
511826,芦山县,3,511800,0
511827,宝兴县,3,511800,0
511900,巴中市,2,510000,0
511901,市辖区,3,511900,0
511902,巴州区,3,511900,0
511903,恩阳区,3,511900,0
511921,通江县,3,511900,0
511922,南江县,3,511900,0
511923,平昌县,3,511900,0
512000,资阳市,2,510000,0
512001,市辖区,3,512000,0
512002,雁江区,3,512000,0
512021,安岳县,3,512000,0
512022,乐至县,3,512000,0
513200,阿坝藏族羌族自治州,2,510000,0
513201,马尔康市,3,513200,0
513221,汶川县,3,513200,0
513222,理县,3,513200,0
513223,茂县,3,513200,0
513224,松潘县,3,513200,0
513225,九寨沟县,3,513200,0
513226,金川县,3,513200,0
513227,小金县,3,513200,0
513228,黑水县,3,513200,0
513230,壤塘县,3,513200,0
513231,阿坝县,3,513200,0
513232,若尔盖县,3,513200,0
513233,红原县,3,513200,0
513300,甘孜藏族自治州,2,510000,0
513301,康定市,3,513300,0
513322,泸定县,3,513300,0
513323,丹巴县,3,513300,0
513324,九龙县,3,513300,0
513325,雅江县,3,513300,0
513326,道孚县,3,513300,0
513327,炉霍县,3,513300,0
513328,甘孜县,3,513300,0
513329,新龙县,3,513300,0
513330,德格县,3,513300,0
513331,白玉县,3,513300,0
513332,石渠县,3,513300,0
513333,色达县,3,513300,0
513334,理塘县,3,513300,0
513335,巴塘县,3,513300,0
513336,乡城县,3,513300,0
513337,稻城县,3,513300,0
513338,得荣县,3,513300,0
513400,凉山彝族自治州,2,510000,0
513401,西昌市,3,513400,0
513402,会理市,3,513400,0
513422,木里藏族自治县,3,513400,0
513423,盐源县,3,513400,0
513424,德昌县,3,513400,0
513426,会东县,3,513400,0
513427,宁南县,3,513400,0
513428,普格县,3,513400,0
513429,布拖县,3,513400,0
513430,金阳县,3,513400,0
513431,昭觉县,3,513400,0
513432,喜德县,3,513400,0
513433,冕宁县,3,513400,0
513434,越西县,3,513400,0
513435,甘洛县,3,513400,0
513436,美姑县,3,513400,0
513437,雷波县,3,513400,0
520000,贵州省,1,0,0
520100,贵阳市,2,520000,0
520101,市辖区,3,520100,0
520102,南明区,3,520100,0
520103,云岩区,3,520100,0
520111,花溪区,3,520100,0
520112,乌当区,3,520100,0
520113,白云区,3,520100,0
520115,观山湖区,3,520100,0
520121,开阳县,3,520100,0
520122,息烽县,3,520100,0
520123,修文县,3,520100,0
520181,清镇市,3,520100,0
520200,六盘水市,2,520000,0
520201,钟山区,3,520200,0
520203,六枝特区,3,520200,0
520204,水城区,3,520200,0
520281,盘州市,3,520200,0
520300,遵义市,2,520000,0
520301,市辖区,3,520300,0
520302,红花岗区,3,520300,0
520303,汇川区,3,520300,0
520304,播州区,3,520300,0
520322,桐梓县,3,520300,0
520323,绥阳县,3,520300,0
520324,正安县,3,520300,0
520325,道真仡佬族苗族自治县,3,520300,0
520326,务川仡佬族苗族自治县,3,520300,0
520327,凤冈县,3,520300,0
520328,湄潭县,3,520300,0
520329,余庆县,3,520300,0
520330,习水县,3,520300,0
520381,赤水市,3,520300,0
520382,仁怀市,3,520300,0
520400,安顺市,2,520000,0
520401,市辖区,3,520400,0
520402,西秀区,3,520400,0
520403,平坝区,3,520400,0
520422,普定县,3,520400,0
520423,镇宁布依族苗族自治县,3,520400,0
520424,关岭布依族苗族自治县,3,520400,0
520425,紫云苗族布依族自治县,3,520400,0
520500,毕节市,2,520000,0
520501,市辖区,3,520500,0
520502,七星关区,3,520500,0
520521,大方县,3,520500,0
520523,金沙县,3,520500,0
520524,织金县,3,520500,0
520525,纳雍县,3,520500,0
520526,威宁彝族回族苗族自治县,3,520500,0
520527,赫章县,3,520500,0
520581,黔西市,3,520500,0
520600,铜仁市,2,520000,0
520601,市辖区,3,520600,0
520602,碧江区,3,520600,0
520603,万山区,3,520600,0
520621,江口县,3,520600,0
520622,玉屏侗族自治县,3,520600,0
520623,石阡县,3,520600,0
520624,思南县,3,520600,0
520625,印江土家族苗族自治县,3,520600,0
520626,德江县,3,520600,0
520627,沿河土家族自治县,3,520600,0
520628,松桃苗族自治县,3,520600,0
522300,黔西南布依族苗族自治州,2,520000,0
522301,兴义市,3,522300,0
522302,兴仁市,3,522300,0
522323,普安县,3,522300,0
522324,晴隆县,3,522300,0
522325,贞丰县,3,522300,0
522326,望谟县,3,522300,0
522327,册亨县,3,522300,0
522328,安龙县,3,522300,0
522600,黔东南苗族侗族自治州,2,520000,0
522601,凯里市,3,522600,0
522622,黄平县,3,522600,0
522623,施秉县,3,522600,0
522624,三穗县,3,522600,0
522625,镇远县,3,522600,0
522626,岑巩县,3,522600,0
522627,天柱县,3,522600,0
522628,锦屏县,3,522600,0
522629,剑河县,3,522600,0
522630,台江县,3,522600,0
522631,黎平县,3,522600,0
522632,榕江县,3,522600,0
522633,从江县,3,522600,0
522634,雷山县,3,522600,0
522635,麻江县,3,522600,0
522636,丹寨县,3,522600,0
522700,黔南布依族苗族自治州,2,520000,0
522701,都匀市,3,522700,0
522702,福泉市,3,522700,0
522722,荔波县,3,522700,0
522723,贵定县,3,522700,0
522725,瓮安县,3,522700,0
522726,独山县,3,522700,0
522727,平塘县,3,522700,0
522728,罗甸县,3,522700,0
522729,长顺县,3,522700,0
522730,龙里县,3,522700,0
522731,惠水县,3,522700,0
522732,三都水族自治县,3,522700,0
530000,云南省,1,0,0
530100,昆明市,2,530000,0
530101,市辖区,3,530100,0
530102,五华区,3,530100,0
530103,盘龙区,3,530100,0
530111,官渡区,3,530100,0
530112,西山区,3,530100,0
530113,东川区,3,530100,0
530114,呈贡区,3,530100,0
530115,晋宁区,3,530100,0
530124,富民县,3,530100,0
530125,宜良县,3,530100,0
530126,石林彝族自治县,3,530100,0
530127,嵩明县,3,530100,0
530128,禄劝彝族苗族自治县,3,530100,0
530129,寻甸回族彝族自治县,3,530100,0
530181,安宁市,3,530100,0
530300,曲靖市,2,530000,0
530301,市辖区,3,530300,0
530302,麒麟区,3,530300,0
530303,沾益区,3,530300,0
530304,马龙区,3,530300,0
530322,陆良县,3,530300,0
530323,师宗县,3,530300,0
530324,罗平县,3,530300,0
530325,富源县,3,530300,0
530326,会泽县,3,530300,0
530381,宣威市,3,530300,0
530400,玉溪市,2,530000,0
530401,市辖区,3,530400,0
530402,红塔区,3,530400,0
530403,江川区,3,530400,0
530423,通海县,3,530400,0
530424,华宁县,3,530400,0
530425,易门县,3,530400,0
530426,峨山彝族自治县,3,530400,0
530427,新平彝族傣族自治县,3,530400,0
530428,元江哈尼族彝族傣族自治县,3,530400,0
530481,澄江市,3,530400,0
530500,保山市,2,530000,0
530501,市辖区,3,530500,0
530502,隆阳区,3,530500,0
530521,施甸县,3,530500,0
530523,龙陵县,3,530500,0
530524,昌宁县,3,530500,0
530581,腾冲市,3,530500,0
530600,昭通市,2,530000,0
530601,市辖区,3,530600,0
530602,昭阳区,3,530600,0
530621,鲁甸县,3,530600,0
530622,巧家县,3,530600,0
530623,盐津县,3,530600,0
530624,大关县,3,530600,0
530625,永善县,3,530600,0
530626,绥江县,3,530600,0
530627,镇雄县,3,530600,0
530628,彝良县,3,530600,0
530629,威信县,3,530600,0
530681,水富市,3,530600,0
530700,丽江市,2,530000,0
530701,市辖区,3,530700,0
530702,古城区,3,530700,0
530721,玉龙纳西族自治县,3,530700,0
530722,永胜县,3,530700,0
530723,华坪县,3,530700,0
530724,宁蒗彝族自治县,3,530700,0
530800,普洱市,2,530000,0
530801,市辖区,3,530800,0
530802,思茅区,3,530800,0
530821,宁洱哈尼族彝族自治县,3,530800,0
530822,墨江哈尼族自治县,3,530800,0
530823,景东彝族自治县,3,530800,0
530824,景谷傣族彝族自治县,3,530800,0
530825,镇沅彝族哈尼族拉祜族自治县,3,530800,0
530826,江城哈尼族彝族自治县,3,530800,0
530827,孟连傣族拉祜族佤族自治县,3,530800,0
530828,澜沧拉祜族自治县,3,530800,0
530829,西盟佤族自治县,3,530800,0
530900,临沧市,2,530000,0
530901,市辖区,3,530900,0
530902,临翔区,3,530900,0
530921,凤庆县,3,530900,0
530922,云县,3,530900,0
530923,永德县,3,530900,0
530924,镇康县,3,530900,0
530925,双江拉祜族佤族布朗族傣族自治县,3,530900,0
530926,耿马傣族佤族自治县,3,530900,0
530927,沧源佤族自治县,3,530900,0
532300,楚雄彝族自治州,2,530000,0
532301,楚雄市,3,532300,0
532302,禄丰市,3,532300,0
532322,双柏县,3,532300,0
532323,牟定县,3,532300,0
532324,南华县,3,532300,0
532325,姚安县,3,532300,0
532326,大姚县,3,532300,0
532327,永仁县,3,532300,0
532328,元谋县,3,532300,0
532329,武定县,3,532300,0
532500,红河哈尼族彝族自治州,2,530000,0
532501,个旧市,3,532500,0
532502,开远市,3,532500,0
532503,蒙自市,3,532500,0
532504,弥勒市,3,532500,0
532523,屏边苗族自治县,3,532500,0
532524,建水县,3,532500,0
532525,石屏县,3,532500,0
532527,泸西县,3,532500,0
532528,元阳县,3,532500,0
532529,红河县,3,532500,0
532530,金平苗族瑶族傣族自治县,3,532500,0
532531,绿春县,3,532500,0
532532,河口瑶族自治县,3,532500,0
532600,文山壮族苗族自治州,2,530000,0
532601,文山市,3,532600,0
532622,砚山县,3,532600,0
532623,西畴县,3,532600,0
532624,麻栗坡县,3,532600,0
532625,马关县,3,532600,0
532626,丘北县,3,532600,0
532627,广南县,3,532600,0
532628,富宁县,3,532600,0
532800,西双版纳傣族自治州,2,530000,0
532801,景洪市,3,532800,0
532822,勐海县,3,532800,0
532823,勐腊县,3,532800,0
532900,大理白族自治州,2,530000,0
532901,大理市,3,532900,0
532922,漾濞彝族自治县,3,532900,0
532923,祥云县,3,532900,0
532924,宾川县,3,532900,0
532925,弥渡县,3,532900,0
532926,南涧彝族自治县,3,532900,0
532927,巍山彝族回族自治县,3,532900,0
532928,永平县,3,532900,0
532929,云龙县,3,532900,0
532930,洱源县,3,532900,0
532931,剑川县,3,532900,0
532932,鹤庆县,3,532900,0
533100,德宏傣族景颇族自治州,2,530000,0
533102,瑞丽市,3,533100,0
533103,芒市,3,533100,0
533122,梁河县,3,533100,0
533123,盈江县,3,533100,0
533124,陇川县,3,533100,0
533300,怒江傈僳族自治州,2,530000,0
533301,泸水市,3,533300,0
533323,福贡县,3,533300,0
533324,贡山独龙族怒族自治县,3,533300,0
533325,兰坪白族普米族自治县,3,533300,0
533400,迪庆藏族自治州,2,530000,0
533401,香格里拉市,3,533400,0
533422,德钦县,3,533400,0
533423,维西傈僳族自治县,3,533400,0
540000,西藏自治区,1,0,0
540100,拉萨市,2,540000,0
540101,市辖区,3,540100,0
540102,城关区,3,540100,0
540103,堆龙德庆区,3,540100,0
540104,达孜区,3,540100,0
540121,林周县,3,540100,0
540122,当雄县,3,540100,0
540123,尼木县,3,540100,0
540124,曲水县,3,540100,0
540127,墨竹工卡县,3,540100,0
540171,格尔木藏青工业园区,3,540100,0
540172,拉萨经济技术开发区,3,540100,0
540173,西藏文化旅游创意园区,3,540100,0
540174,达孜工业园区,3,540100,0
540200,日喀则市,2,540000,0
540202,桑珠孜区,3,540200,0
540221,南木林县,3,540200,0
540222,江孜县,3,540200,0
540223,定日县,3,540200,0
540224,萨迦县,3,540200,0
540225,拉孜县,3,540200,0
540226,昂仁县,3,540200,0
540227,谢通门县,3,540200,0
540228,白朗县,3,540200,0
540229,仁布县,3,540200,0
540230,康马县,3,540200,0
540231,定结县,3,540200,0
540232,仲巴县,3,540200,0
540233,亚东县,3,540200,0
540234,吉隆县,3,540200,0
540235,聂拉木县,3,540200,0
540236,萨嘎县,3,540200,0
540237,岗巴县,3,540200,0
540300,昌都市,2,540000,0
540302,卡若区,3,540300,0
540321,江达县,3,540300,0
540322,贡觉县,3,540300,0
540323,类乌齐县,3,540300,0
540324,丁青县,3,540300,0
540325,察雅县,3,540300,0
540326,八宿县,3,540300,0
540327,左贡县,3,540300,0
540328,芒康县,3,540300,0
540329,洛隆县,3,540300,0
540330,边坝县,3,540300,0
540400,林芝市,2,540000,0
540402,巴宜区,3,540400,0
540421,工布江达县,3,540400,0
540423,墨脱县,3,540400,0
540424,波密县,3,540400,0
540425,察隅县,3,540400,0
540426,朗县,3,540400,0
540481,米林市,3,540400,0
540500,山南市,2,540000,0
540501,市辖区,3,540500,0
540502,乃东区,3,540500,0
540521,扎囊县,3,540500,0
540522,贡嘎县,3,540500,0
540523,桑日县,3,540500,0
540524,琼结县,3,540500,0
540525,曲松县,3,540500,0
540526,措美县,3,540500,0
540527,洛扎县,3,540500,0
540528,加查县,3,540500,0
540529,隆子县,3,540500,0
540531,浪卡子县,3,540500,0
540581,错那市,3,540500,0
540600,那曲市,2,540000,0
540602,色尼区,3,540600,0
540621,嘉黎县,3,540600,0
540622,比如县,3,540600,0
540623,聂荣县,3,540600,0
540624,安多县,3,540600,0
540625,申扎县,3,540600,0
540626,索县,3,540600,0
540627,班戈县,3,540600,0
540628,巴青县,3,540600,0
540629,尼玛县,3,540600,0
540630,双湖县,3,540600,0
542500,阿里地区,2,540000,0
542521,普兰县,3,542500,0
542522,札达县,3,542500,0
542523,噶尔县,3,542500,0
542524,日土县,3,542500,0
542525,革吉县,3,542500,0
542526,改则县,3,542500,0
542527,措勤县,3,542500,0
610000,陕西省,1,0,0
610100,西安市,2,610000,0
610101,市辖区,3,610100,0
610102,新城区,3,610100,0
610103,碑林区,3,610100,0
610104,莲湖区,3,610100,0
610111,灞桥区,3,610100,0
610112,未央区,3,610100,0
610113,雁塔区,3,610100,0
610114,阎良区,3,610100,0
610115,临潼区,3,610100,0
610116,长安区,3,610100,0
610117,高陵区,3,610100,0
610118,鄠邑区,3,610100,0
610122,蓝田县,3,610100,0
610124,周至县,3,610100,0
610200,铜川市,2,610000,0
610201,市辖区,3,610200,0
610202,王益区,3,610200,0
610203,印台区,3,610200,0
610204,耀州区,3,610200,0
610222,宜君县,3,610200,0
610300,宝鸡市,2,610000,0
610301,市辖区,3,610300,0
610302,渭滨区,3,610300,0
610303,金台区,3,610300,0
610304,陈仓区,3,610300,0
610305,凤翔区,3,610300,0
610323,岐山县,3,610300,0
610324,扶风县,3,610300,0
610326,眉县,3,610300,0
610327,陇县,3,610300,0
610328,千阳县,3,610300,0
610329,麟游县,3,610300,0
610330,凤县,3,610300,0
610331,太白县,3,610300,0
610400,咸阳市,2,610000,0
610401,市辖区,3,610400,0
610402,秦都区,3,610400,0
610403,杨陵区,3,610400,0
610404,渭城区,3,610400,0
610422,三原县,3,610400,0
610423,泾阳县,3,610400,0
610424,乾县,3,610400,0
610425,礼泉县,3,610400,0
610426,永寿县,3,610400,0
610428,长武县,3,610400,0
610429,旬邑县,3,610400,0
610430,淳化县,3,610400,0
610431,武功县,3,610400,0
610481,兴平市,3,610400,0
610482,彬州市,3,610400,0
610500,渭南市,2,610000,0
610501,市辖区,3,610500,0
610502,临渭区,3,610500,0
610503,华州区,3,610500,0
610522,潼关县,3,610500,0
610523,大荔县,3,610500,0
610524,合阳县,3,610500,0
610525,澄城县,3,610500,0
610526,蒲城县,3,610500,0
610527,白水县,3,610500,0
610528,富平县,3,610500,0
610581,韩城市,3,610500,0
610582,华阴市,3,610500,0
610600,延安市,2,610000,0
610601,市辖区,3,610600,0
610602,宝塔区,3,610600,0
610603,安塞区,3,610600,0
610621,延长县,3,610600,0
610622,延川县,3,610600,0
610625,志丹县,3,610600,0
610626,吴起县,3,610600,0
610627,甘泉县,3,610600,0
610628,富县,3,610600,0
610629,洛川县,3,610600,0
610630,宜川县,3,610600,0
610631,黄龙县,3,610600,0
610632,黄陵县,3,610600,0
610681,子长市,3,610600,0
610700,汉中市,2,610000,0
610701,市辖区,3,610700,0
610702,汉台区,3,610700,0
610703,南郑区,3,610700,0
610722,城固县,3,610700,0
610723,洋县,3,610700,0
610724,西乡县,3,610700,0
610725,勉县,3,610700,0
610726,宁强县,3,610700,0
610727,略阳县,3,610700,0
610728,镇巴县,3,610700,0
610729,留坝县,3,610700,0
610730,佛坪县,3,610700,0
610800,榆林市,2,610000,0
610801,市辖区,3,610800,0
610802,榆阳区,3,610800,0
610803,横山区,3,610800,0
610822,府谷县,3,610800,0
610824,靖边县,3,610800,0
610825,定边县,3,610800,0
610826,绥德县,3,610800,0
610827,米脂县,3,610800,0
610828,佳县,3,610800,0
610829,吴堡县,3,610800,0
610830,清涧县,3,610800,0
610831,子洲县,3,610800,0
610881,神木市,3,610800,0
610900,安康市,2,610000,0
610901,市辖区,3,610900,0
610902,汉滨区,3,610900,0
610921,汉阴县,3,610900,0
610922,石泉县,3,610900,0
610923,宁陕县,3,610900,0
610924,紫阳县,3,610900,0
610925,岚皋县,3,610900,0
610926,平利县,3,610900,0
610927,镇坪县,3,610900,0
610929,白河县,3,610900,0
610981,旬阳市,3,610900,0
611000,商洛市,2,610000,0
611001,市辖区,3,611000,0
611002,商州区,3,611000,0
611021,洛南县,3,611000,0
611022,丹凤县,3,611000,0
611023,商南县,3,611000,0
611024,山阳县,3,611000,0
611025,镇安县,3,611000,0
611026,柞水县,3,611000,0
620000,甘肃省,1,0,0
620100,兰州市,2,620000,0
620101,市辖区,3,620100,0
620102,城关区,3,620100,0
620103,七里河区,3,620100,0
620104,西固区,3,620100,0
620105,安宁区,3,620100,0
620111,红古区,3,620100,0
620121,永登县,3,620100,0
620122,皋兰县,3,620100,0
620123,榆中县,3,620100,0
620171,兰州新区,3,620100,0
620200,嘉峪关市,2,620000,0
620201,市辖区,3,620200,0
620300,金昌市,2,620000,0
620301,市辖区,3,620300,0
620302,金川区,3,620300,0
620321,永昌县,3,620300,0
620400,白银市,2,620000,0
620401,市辖区,3,620400,0
620402,白银区,3,620400,0
620403,平川区,3,620400,0
620421,靖远县,3,620400,0
620422,会宁县,3,620400,0
620423,景泰县,3,620400,0
620500,天水市,2,620000,0
620501,市辖区,3,620500,0
620502,秦州区,3,620500,0
620503,麦积区,3,620500,0
620521,清水县,3,620500,0
620522,秦安县,3,620500,0
620523,甘谷县,3,620500,0
620524,武山县,3,620500,0
620525,张家川回族自治县,3,620500,0
620600,武威市,2,620000,0
620601,市辖区,3,620600,0
620602,凉州区,3,620600,0
620621,民勤县,3,620600,0
620622,古浪县,3,620600,0
620623,天祝藏族自治县,3,620600,0
620700,张掖市,2,620000,0
620701,市辖区,3,620700,0
620702,甘州区,3,620700,0
620721,肃南裕固族自治县,3,620700,0
620722,民乐县,3,620700,0
620723,临泽县,3,620700,0
620724,高台县,3,620700,0
620725,山丹县,3,620700,0
620800,平凉市,2,620000,0
620801,市辖区,3,620800,0
620802,崆峒区,3,620800,0
620821,泾川县,3,620800,0
620822,灵台县,3,620800,0
620823,崇信县,3,620800,0
620825,庄浪县,3,620800,0
620826,静宁县,3,620800,0
620881,华亭市,3,620800,0
620900,酒泉市,2,620000,0
620901,市辖区,3,620900,0
620902,肃州区,3,620900,0
620921,金塔县,3,620900,0
620922,瓜州县,3,620900,0
620923,肃北蒙古族自治县,3,620900,0
620924,阿克塞哈萨克族自治县,3,620900,0
620981,玉门市,3,620900,0
620982,敦煌市,3,620900,0
621000,庆阳市,2,620000,0
621001,市辖区,3,621000,0
621002,西峰区,3,621000,0
621021,庆城县,3,621000,0
621022,环县,3,621000,0
621023,华池县,3,621000,0
621024,合水县,3,621000,0
621025,正宁县,3,621000,0
621026,宁县,3,621000,0
621027,镇原县,3,621000,0
621100,定西市,2,620000,0
621101,市辖区,3,621100,0
621102,安定区,3,621100,0
621121,通渭县,3,621100,0
621122,陇西县,3,621100,0
621123,渭源县,3,621100,0
621124,临洮县,3,621100,0
621125,漳县,3,621100,0
621126,岷县,3,621100,0
621200,陇南市,2,620000,0
621201,市辖区,3,621200,0
621202,武都区,3,621200,0
621221,成县,3,621200,0
621222,文县,3,621200,0
621223,宕昌县,3,621200,0
621224,康县,3,621200,0
621225,西和县,3,621200,0
621226,礼县,3,621200,0
621227,徽县,3,621200,0
621228,两当县,3,621200,0
622900,临夏回族自治州,2,620000,0
622901,临夏市,3,622900,0
622921,临夏县,3,622900,0
622922,康乐县,3,622900,0
622923,永靖县,3,622900,0
622924,广河县,3,622900,0
622925,和政县,3,622900,0
622926,东乡族自治县,3,622900,0
622927,积石山保安族东乡族撒拉族自治县,3,622900,0
623000,甘南藏族自治州,2,620000,0
623001,合作市,3,623000,0
623021,临潭县,3,623000,0
623022,卓尼县,3,623000,0
623023,舟曲县,3,623000,0
623024,迭部县,3,623000,0
623025,玛曲县,3,623000,0
623026,碌曲县,3,623000,0
623027,夏河县,3,623000,0
630000,青海省,1,0,0
630100,西宁市,2,630000,0
630101,市辖区,3,630100,0
630102,城东区,3,630100,0
630103,城中区,3,630100,0
630104,城西区,3,630100,0
630105,城北区,3,630100,0
630106,湟中区,3,630100,0
630121,大通回族土族自治县,3,630100,0
630123,湟源县,3,630100,0
630200,海东市,2,630000,0
630202,乐都区,3,630200,0
630203,平安区,3,630200,0
630222,民和回族土族自治县,3,630200,0
630223,互助土族自治县,3,630200,0
630224,化隆回族自治县,3,630200,0
630225,循化撒拉族自治县,3,630200,0
632200,海北藏族自治州,2,630000,0
632221,门源回族自治县,3,632200,0
632222,祁连县,3,632200,0
632223,海晏县,3,632200,0
632224,刚察县,3,632200,0
632300,黄南藏族自治州,2,630000,0
632301,同仁市,3,632300,0
632322,尖扎县,3,632300,0
632323,泽库县,3,632300,0
632324,河南蒙古族自治县,3,632300,0
632500,海南藏族自治州,2,630000,0
632521,共和县,3,632500,0
632522,同德县,3,632500,0
632523,贵德县,3,632500,0
632524,兴海县,3,632500,0
632525,贵南县,3,632500,0
632600,果洛藏族自治州,2,630000,0
632621,玛沁县,3,632600,0
632622,班玛县,3,632600,0
632623,甘德县,3,632600,0
632624,达日县,3,632600,0
632625,久治县,3,632600,0
632626,玛多县,3,632600,0
632700,玉树藏族自治州,2,630000,0
632701,玉树市,3,632700,0
632722,杂多县,3,632700,0
632723,称多县,3,632700,0
632724,治多县,3,632700,0
632725,囊谦县,3,632700,0
632726,曲麻莱县,3,632700,0
632800,海西蒙古族藏族自治州,2,630000,0
632801,格尔木市,3,632800,0
632802,德令哈市,3,632800,0
632803,茫崖市,3,632800,0
632821,乌兰县,3,632800,0
632822,都兰县,3,632800,0
632823,天峻县,3,632800,0
632857,大柴旦行政委员会,3,632800,0
640000,宁夏回族自治区,1,0,0
640100,银川市,2,640000,0
640101,市辖区,3,640100,0
640104,兴庆区,3,640100,0
640105,西夏区,3,640100,0
640106,金凤区,3,640100,0
640121,永宁县,3,640100,0
640122,贺兰县,3,640100,0
640181,灵武市,3,640100,0
640200,石嘴山市,2,640000,0
640201,市辖区,3,640200,0
640202,大武口区,3,640200,0
640205,惠农区,3,640200,0
640221,平罗县,3,640200,0
640300,吴忠市,2,640000,0
640301,市辖区,3,640300,0
640302,利通区,3,640300,0
640303,红寺堡区,3,640300,0
640323,盐池县,3,640300,0
640324,同心县,3,640300,0
640381,青铜峡市,3,640300,0
640400,固原市,2,640000,0
640401,市辖区,3,640400,0
640402,原州区,3,640400,0
640422,西吉县,3,640400,0
640423,隆德县,3,640400,0
640424,泾源县,3,640400,0
640425,彭阳县,3,640400,0
640500,中卫市,2,640000,0
640501,市辖区,3,640500,0
640502,沙坡头区,3,640500,0
640521,中宁县,3,640500,0
640522,海原县,3,640500,0
650000,新疆维吾尔自治区,1,0,0
650100,乌鲁木齐市,2,650000,0
650101,市辖区,3,650100,0
650102,天山区,3,650100,0
650103,沙依巴克区,3,650100,0
650104,新市区,3,650100,0
650105,水磨沟区,3,650100,0
650106,头屯河区,3,650100,0
650107,达坂城区,3,650100,0
650109,米东区,3,650100,0
650121,乌鲁木齐县,3,650100,0
650200,克拉玛依市,2,650000,0
650201,市辖区,3,650200,0
650202,独山子区,3,650200,0
650203,克拉玛依区,3,650200,0
650204,白碱滩区,3,650200,0
650205,乌尔禾区,3,650200,0
650400,吐鲁番市,2,650000,0
650402,高昌区,3,650400,0
650421,鄯善县,3,650400,0
650422,托克逊县,3,650400,0
650500,哈密市,2,650000,0
650502,伊州区,3,650500,0
650521,巴里坤哈萨克自治县,3,650500,0
650522,伊吾县,3,650500,0
652300,昌吉回族自治州,2,650000,0
652301,昌吉市,3,652300,0
652302,阜康市,3,652300,0
652323,呼图壁县,3,652300,0
652324,玛纳斯县,3,652300,0
652325,奇台县,3,652300,0
652327,吉木萨尔县,3,652300,0
652328,木垒哈萨克自治县,3,652300,0
652700,博尔塔拉蒙古自治州,2,650000,0
652701,博乐市,3,652700,0
652702,阿拉山口市,3,652700,0
652722,精河县,3,652700,0
652723,温泉县,3,652700,0
652800,巴音郭楞蒙古自治州,2,650000,0
652801,库尔勒市,3,652800,0
652822,轮台县,3,652800,0
652823,尉犁县,3,652800,0
652824,若羌县,3,652800,0
652825,且末县,3,652800,0
652826,焉耆回族自治县,3,652800,0
652827,和静县,3,652800,0
652828,和硕县,3,652800,0
652829,博湖县,3,652800,0
652900,阿克苏地区,2,650000,0
652901,阿克苏市,3,652900,0
652902,库车市,3,652900,0
652922,温宿县,3,652900,0
652924,沙雅县,3,652900,0
652925,新和县,3,652900,0
652926,拜城县,3,652900,0
652927,乌什县,3,652900,0
652928,阿瓦提县,3,652900,0
652929,柯坪县,3,652900,0
653000,克孜勒苏柯尔克孜自治州,2,650000,0
653001,阿图什市,3,653000,0
653022,阿克陶县,3,653000,0
653023,阿合奇县,3,653000,0
653024,乌恰县,3,653000,0
653100,喀什地区,2,650000,0
653101,喀什市,3,653100,0
653121,疏附县,3,653100,0
653122,疏勒县,3,653100,0
653123,英吉沙县,3,653100,0
653124,泽普县,3,653100,0
653125,莎车县,3,653100,0
653126,叶城县,3,653100,0
653127,麦盖提县,3,653100,0
653128,岳普湖县,3,653100,0
653129,伽师县,3,653100,0
653130,巴楚县,3,653100,0
653131,塔什库尔干塔吉克自治县,3,653100,0
653200,和田地区,2,650000,0
653201,和田市,3,653200,0
653221,和田县,3,653200,0
653222,墨玉县,3,653200,0
653223,皮山县,3,653200,0
653224,洛浦县,3,653200,0
653225,策勒县,3,653200,0
653226,于田县,3,653200,0
653227,民丰县,3,653200,0
654000,伊犁哈萨克自治州,2,650000,0
654002,伊宁市,3,654000,0
654003,奎屯市,3,654000,0
654004,霍尔果斯市,3,654000,0
654021,伊宁县,3,654000,0
654022,察布查尔锡伯自治县,3,654000,0
654023,霍城县,3,654000,0
654024,巩留县,3,654000,0
654025,新源县,3,654000,0
654026,昭苏县,3,654000,0
654027,特克斯县,3,654000,0
654028,尼勒克县,3,654000,0
654200,塔城地区,2,650000,0
654201,塔城市,3,654200,0
654202,乌苏市,3,654200,0
654203,沙湾市,3,654200,0
654221,额敏县,3,654200,0
654224,托里县,3,654200,0
654225,裕民县,3,654200,0
654226,和布克赛尔蒙古自治县,3,654200,0
654300,阿勒泰地区,2,650000,0
654301,阿勒泰市,3,654300,0
654321,布尔津县,3,654300,0
654322,富蕴县,3,654300,0
654323,福海县,3,654300,0
654324,哈巴河县,3,654300,0
654325,青河县,3,654300,0
654326,吉木乃县,3,654300,0
659000,自治区直辖县级行政区划,2,650000,0
659001,石河子市,3,659000,0
659002,阿拉尔市,3,659000,0
659003,图木舒克市,3,659000,0
659004,五家渠市,3,659000,0
659005,北屯市,3,659000,0
659006,铁门关市,3,659000,0
659007,双河市,3,659000,0
659008,可克达拉市,3,659000,0
659009,昆玉市,3,659000,0
659010,胡杨河市,3,659000,0
659011,新星市,3,659000,0
659012,白杨市,3,659000,0
